old_fdd_id,speciality,service
OH-DIM-45458-01187,"{""""}","Ear Wax Removal,COVID-19 Testing"
TX-CFM-78731-01411,"{"""",CFM}",Not Available
-CAN--0001,"{"""","""",CAN}",Not available
GA-DFM-31750-0003,"{"""",""""}","Weight Loss,Nutrition Coaching,Ear Wax Removal,COVID-19 Testing"
AL-DFM-35205-00013,"{"""",DFM,CSPO}",Nutrition Coaching
TX-CFM-78731-01412,"{"""",CFM}",Not Available
NC-DFM-28451-00991,"{"""",DFM,CPED}",Not Available
AL-CEM-35209-00023,"{"""",CEM}",Not Available
TX-CIM-79119-01422,"{"""",CIM}",Not Available
PA-DFM-19129-01294,"{"""",DFM}",Ear Wax Removal
NC-DFM-28451-00992,"{"""",DFM,CPED}",Not Available
TX-DIM-75069-01428,"{"""",DIM}",Not Available
AZ-CFM-85715-00126,"{"""",CFM,CPM,CINT}",Not Available
TX-CFM-75225-01452,"{"""",CFM}",Not Available
NC-DFM-27609-01009,"{"""",DFM}",Not Available
CO-DIM-80124-00362,"{"""",DIM}",Not Available
AL-DFM-35957-00008,"{"""",DFM}",Nutrition Coaching
AR-DIM-72703-00039,"{"""",DIM}",Not Available
AZ-CNAT-85282-00147,"{"""",CNAT,COBG,CSPO}",Not Available
AZ-CIM-85718-00158,"{"""",CIM}",Not Available
KS-CEM-67601-00749,"{"""",DFM}",Not Available
TX-CIM-75225-01453,"{"""",CIM}",Not Available
AZ-CFM-85260-00174,"{"""",CFM,DFM,CINT,CFUM}",Not Available
NC-DFM-28405-00998,"{"""",DFM}",Nutrition Coaching
AZ-DFM-85206-00150,"{"""",DFM}",Not Available
CA-CIM-94062-00241,"{"""",CIM,CPM}","Acupuncture,Nutrition Coaching,Travel Medicine"
TX-CIM-75225-01454,"{"""",CIM}",Not Available
AZ-CFM-85260-00176,"{"""",CFM,CFUM,CGAS}",Not Available
NC-DFM-27502-01001,"{"""",DFM}",Not Available
NC-DFM-27518-01002,"{"""",DFM}",Not Available
TX-CPED-75237-01467,"{"""",CPED}",Not Available
NC-DFM-27511-01003,"{"""",DFM}",Not Available
NC-DFM-27909-01031,"{"""",DFM}",Not Available
AZ-CIM-85712-00193,"{"""",CIM}",Not Available
TN-DFM-37408-01364,"{"""",DFM}",Nutrition Coaching
TX-DFM-76065-01469,"{"""",DFM}",Not Available
CO-DFM-80134-00387,"{"""",DFM,DIM,CAL,CINT,CEND,CRAD}","Weight Loss,Nutrition Coaching"
AL-DFM-35950-00015,"{"""",DFM}",Not Available
TN-DFM-37402-01367,"{"""",DFM}",Not Available
TN-DFM-37415-01370,"{"""",DFM,DIM,CPED}",Not Available
TX-CFM-76708-01474,"{"""",CFM}",Not Available
NM-DFM-88011-01097,"{"""",DFM}",Not Available
TN-DFM-37311-01373,"{"""",DFM}",Not Available
TX-DFM-76712-01479,"{"""",DFM}",Not Available
TN-DFM-37064-01381,"{"""",DFM}",Travel Medicine
FL-DIM-34223-00481,"{"""",DIM,CPM}",Not Available
TX-DFM-76537-01483,"{"""",DFM}",Not Available
TN-DFM-37064-01383,"{"""",DFM}",Travel Medicine
TX-DFM-78613-01488,"{"""",DFM}",Not Available
AL-CIM-35205-00020,"{"""",CIM}",Not Available
TX-DFM-78705-01498,"{"""",DFM}",Not Available
CO-DFM-80031-00339,"{"""",DFM}",Not Available
AL-DFM-35961-00017,"{"""",DFM}",Not Available
TX-DFM-78006-01504,"{"""",DFM}",Not Available
TN-DFM-37075-01390,"{"""",DFM}",Cosmetic
TN-DFM-37803-01398,"{"""",DFM,CPM,CSPO}","Nutrition Coaching,Ear Wax Removal"
TN-DFM-37857-01403,"{"""",DFM,CFUM,CINT,CHOL}",Not Available
AZ-DFM-85382-00131,"{"""",DFM,CSPO}",Not Available
TX-CFM-78213-01514,"{"""",CFM}",Not Available
AZ-CIM-85253-00140,"{"""",CIM,CGEN,CSPO}","Weight Loss,Nutrition Coaching,LGBTQ Competent / Friendly,Travel Medicine,Traditional Chinese Medicine,Acupuncture,Personal training, Physical Therapy, Chef and Meals, Massage, Hyperbarics"
CA-DFM-92612-00266,"{"""",DFM,CPM}","Weight Loss,COVID-19 Testing"
CA-DFM-92270-00273,"{"""",DFM}",COVID-19 Testing
TN-DIM-37745-01404,"{"""",DIM}",Not Available
TX-DFM-78209-01515,"{"""",DFM}",Not Available
CO-DFM-80212-00359,"{"""",DFM,DIM}",Not Available
AZ-DFM-85382-00132,"{"""",DFM,CINT}",Not Available
AK-CPED-99503-00028,"{"""",CPED}",Ear Wax Removal
TX-CFM-78209-01517,"{"""",CFM}",Not Available
TX-DFM-78550-01520,"{"""",DFM}",Not Available
AZ-DFM-85382-00134,"{"""",DFM}",Not Available
MS-DIM-38654-00975,"{"""",DIM,CPED}",Not Available
TX-DFM-78643-01522,"{"""",DFM}",Not Available
FL-CFM -33021-00470,"{"""",CPM}",Not Available
AZ-DFM-85382-00135,"{"""",DFM,CPM,CHOL,CSPO}",Not Available
TX-DFM-75605-01533,"{"""",DFM}",Not Available
NJ-DFM-8809-01076,"{"""",DFM,CFUM}",Not Available
TX-CFM-75965-01538,"{"""",CFM}",Not Available
TX-CPED-77375-01540,"{"""",CPED}",Not Available
AR-DFM-72712-00033,"{"""",DFM}",Not Available
OR-DIM-97210-01244,"{"""",DIM,CPM}",Not Available
OR-DFM-97202-01249,"{"""",DFM,CINT,CPM,CSPO,CPSL,COBG,CPED,CEM}","Weight Loss,Travel Medicine"
TX-DIM-77024-01542,"{"""",DIM}",Not Available
TX-DFM-77024-01543,"{"""",DFM}",Not Available
TX-DFM-77024-01544,"{"""",DFM}",Not Available
TX-DFM-77024-01545,"{"""",DFM}",Not Available
OR-DFM-97321-01254,"{"""",DFM}",Ear Wax Removal
FL-DFM-33991-00479,"{"""",DFM}","Ear Wax Removal,Weight Loss,Nutrition Coaching"
CO-DFM-81621-00379,"{"""",DFM,DIM,CAL,CD,CPSL,CSM,COR,CEND,CPM,CSPO}","Weight Loss,Nutrition Coaching"
KS-DFM-66049-00778,"{"""",DFM}",Not Available
TX-DFM-77380-01546,"{"""",DFM}",Not Available
TX-DFM-77346-01549,"{"""",DFM}",Not Available
TX-DIM-77070-01552,"{"""",DIM}",Not Available
OR-DFM-97401-01257,"{"""",DFM,CAL,CURO,CPSL,CRHE,CSX,CSPO,CEND}",Weight Loss
TX-CIM-77493-01573,"{"""",CIM}",Not Available
FL-DFM-32765-00530,"{"""",DFM}",Not Available
KS-DFM-67646-00747,"{"""",DFM}",Not Available
OR-DFM-97701-01259,"{"""",DFM}",Not Available
TX-CIM-77493-01574,"{"""",CIM}",Not Available
AZ-CFM-85253-00141,"{"""",CFM,CGEN,CSPO}",Nutrition Coaching
TX-CIM-77493-01575,"{"""",CIM}",Not Available
AR-DFM-71923-00044,"{"""",DFM}",Not Available
NC-CIM-27612-01040,"{"""",CIM,CPM}",Not Available
TX-CIM-77493-01576,"{"""",CIM}",Not Available
AZ-CFM-85254-00143,"{"""",CFM}",Travel Medicine
TX-CFM-77082-01580,"{"""",CFM}",Not Available
AR-DFM-71923-00047,"{"""",DFM,DIM}",Not Available
TX-CFM-77521-01582,"{"""",CFM}",Not Available
CO-DFM-81401-00296,"{"""",DFM,DIM,CPED,CSPO,CRAD}",Not Available
AR-DFM-71923-00046,"{"""",DFM,DIM}",Not Available
OR-DFM-97526-01261,"{"""",DFM}",Not Available
FL-DFM-34102-00471,"{"""",DFM}",Not Available
AZ-CIM-85260-00145,"{"""",CIM,CEND}",Not Available
KS-DIM-66209-00800,"{"""",DIM}",Not Available
AR-CFM-72712-00049,"{"""",CFM,CIM}",Not Available
FL-CFM -34134-00476,"{"""",CGER}","Nutrition Coaching,Travel Medicine"
AZ-DIM-85268-00149,"{"""",DIM}",Not Available
TX-DIM-79601-01424,"{"""",DIM}",Not Available
OR-DFM-97501-01264,"{"""",DFM,DIM,CINT}",Not Available
AZ-CNAT-85209-00152,"{"""",CNAT,CPED,COBG,CSPO}",Acupuncture
OR-DIM-97520-01266,"{"""",DIM,CPM,CINT,CGER,CRAD,CEND,CPSL}",LGBTQ Competent / Friendly
OR-DFM-97603-01267,"{"""",DFM,DIM,CSPO}",Not Available
OR-CFM-97220-01269,"{"""",CFM,CPSL,CEND,CNAT}",LGBTQ Competent / Friendly
AZ-DFM-85298-00154,"{"""",DFM}",Not Available
FL-DFM-33908-00477,"{"""",DFM,CPM}",Weight Loss
FL-DFM-34288-00482,"{"""",DFM}",Not Available
CO-DFM-81432-00308,"{"""",DFM,DIM,CFUM,COBG,CURO}","Weight Loss,Travel Medicine,Nutrition Coaching"
OR-CNAT-97504-01274,"{"""",CNAT,CSPO,CGER,CPED,CURO,COBG,CC,CHEON,CINT}","Nutrition Coaching,Acupuncture,Detox Services,Homeopathy Medicine,Pain Clinic"
FL-DFM-33704-00490,"{"""",DFM}","Marijuana / Cannabis Clinic,Ear Wax Removal"
WA-DFM-99208-01729,"{"""",DFM}",Not Available
FL-DIM-33544-00502,"{"""",DIM}",Weight Loss
OR-DIM-97701-01277,"{"""",DIM,CPM,CINT,CSM,CPSL}",Weight Loss
FL-DIM-33411-00510,"{"""",DIM,CPM}",Not Available
OH-CFM-45377-01181,"{"""",CFM}",Not Available
FL-CIM-34986-00517,"{"""",CIM}","Cosmetic,Marijuana / Cannabis Clinic"
FL-DFM-34986-00518,"{"""",DFM}",Not Available
IL-DFM-60451-00673,"{"""",DFM,CPM}",Not Available
FL-CNEU-33624-00520,"{"""",CNEU}",Not Available
FL-DFM-32819-00523,"{"""",DFM,CPM}",Ear Wax Removal
GA-CFUM-30306-00606,"{"""",CFUM}",Not Available
OH-DFM-45370-01188,"{"""",DFM,CINT}",Not Available
FL-DFM-32750-00532,"{"""",DFM}",Marijuana / Cannabis Clinic
CO-DFM-80528-00380,"{"""",DFM,CGER,CPED,CINT,CGAS,CRAD,CAL,CEND,COR}","Weight Loss,Nutrition Coaching"
FL-DFM-32119-00533,"{"""",DFM}",Weight Loss
OH-DFM-45241-01192,"{"""",DFM}",Not Available
FL-DFM-32119-00534,"{"""",DFM}",Weight Loss
AZ-DFM-85610-00160,"{"""",DFM,CSPO,CAL,CURO,CGAS,CRHE}",Not Available
FL-DFM-34471-00539,"{"""",DFM,CSPO}",Ear Wax Removal
OH-DIM-45227-01194,"{"""",DIM,CIM,CPM}","COVID-19 Testing,Cosmetic"
FL-DFM-32092-00551,"{"""",DFM}",Cosmetic
IN-DFM-46383-00712,"{"""",DFM,DIM,CINT}",Ear Wax Removal
FL-DFM-32082-00555,"{"""",DFM,CHOL,CINT,CSPO}",Acupuncture
FL-DFM-32536-00561,"{"""",DFM,COBG,CSPO}",Ear Wax Removal
WA-DIM-98112-01702,"{"""",DIM,CIM}",COVID-19 Testing
CO-CFM-81505-00303,"{"""",CFM,DIM,CRAD}","Weight Loss,Nutrition Coaching"
IN-DFM-46750-00719,"{"""",DFM,CSPO}","Weight Loss,Ear Wax Removal"
MS-DFM-39157-00977,"{"""",DFM}",Ear Wax Removal
IN-DFM-46143-00725,"{"""",DFM}",Not Available
CO-CPED-81321-00289,"{"""",CPED,CSPO}",Not Available
KS-DFM-67206-00750,"{"""",DFM}",Not Available
CO-DFM-81501-00290,"{"""",DFM,CPED,CSPO,CRAD}",Not Available
IN-DFM-46220-00726,"{"""",DFM}",Not Available
AZ-CIM-85253-00166,"{"""",CIM,CHEON,CGEN}","Weight Loss,Nutrition Coaching"
CO-DFM-81501-00291,"{"""",DFM,CPED,CSPO,CRAD}",Not Available
CO-DFM-81501-00292,"{"""",DFM,CPED,CSPO,CRAD}",Not Available
IN-DIM-46260-00730,"{"""",DIM}",Nutrition Coaching
IN-DFM-46037-00733,"{"""",DFM}",Nutrition Coaching
FL-CFM-33701-00488,"{"""",CFM}",Nutrition Coaching
CO-DFM-81501-00293,"{"""",DFM,CPED,CSPO,CRAD}",Not Available
CO-DFM-81401-00295,"{"""",DFM,CPED,CSPO,CRAD}",Not Available
CO-DFM-81501-00294,"{"""",DFM,DIM,CPED,CSPO,CRAD}",Not Available
IN-DFM-47203-00744,"{"""",DFM}",Not Available
CO-CFM-81505-00297,"{"""",CFM,CRAD}","Weight Loss,Nutrition Coaching"
NJ-DFM-8062-01080,"{"""",DFM,CINT,CPM}",Not Available
CO-DFM-80525-00320,"{"""",DFM}",Not Available
NY-CIM-10022-01159,"{"""",CIM,CRHE}",Not Available
CO-DFM-81303-00305,"{"""",DFM}",Not Available
MI-DFM-48084-00893,"{"""",DFM}",Nutrition Coaching
ID-DFM-83835-00649,"{"""",DFM}",Not Available
LA-DFM-71105-00834,"{"""",DFM}",Not Available
CO-CFM-81505-00298,"{"""",CFM,CRAD}","Weight Loss,Nutrition Coaching"
CO-CFM-81505-00299,"{"""",CFM,CRAD}","Weight Loss,Nutrition Coaching"
CO-CFM-81505-00301,"{"""",CFM,CRAD}","Weight Loss,Nutrition Coaching"
MI-DFM-48307-00904,"{"""",DFM}",Not Available
AZ-CFM-85260-00179,"{"""",CFM,CIM,CD}",Cosmetic
MI-DIM-49525-00909,"{"""",DIM}","Weight Loss,Ear Wax Removal"
TX-DFM-75033-01430,"{"""",DFM}",Not Available
MI-DIM-49546-00915,"{"""",DIM}","Travel Medicine,Ear Wax Removal"
MI-DFM-49085-00917,"{"""",DFM,CPED}",Ear Wax Removal
NC-DFM-27889-01026,"{"""",DFM,CPM}",Not Available
CO-CFM-81505-00302,"{"""",CFM,CRAD}","Weight Loss,Nutrition Coaching"
AZ-CFM-85032-00184,"{"""",CFM,CPM}","Weight Loss,Nutrition Coaching"
MI-DFM-49085-00919,"{"""",DFM,CPED}",Ear Wax Removal
OK-DFM-73663-01208,"{"""",DFM}",Not Available
CO-DFM-81303-00306,"{"""",DFM,DIM}",Not Available
IL-DFM-60015-00701,"{"""",DFM,DIM}",Not Available
CO-DFM-81301-00307,"{"""",DFM,CPM,CSPO,COBG,CINT,CPSL}","Nutrition Coaching,Weight Loss"
KS-DFM-67460-00751,"{"""",DFM}",Not Available
OK-DFM-73112-01226,"{"""",DFM}",Not Available
CO-DFM-80487-00309,"{"""",DFM,CRAD,CPAT,COBG}",Not Available
CO-CFM-80549-00313,"{"""",DFM,CRAD}",Not Available
CO-DFM-81211-00310,"{"""",DFM}",Not Available
CO-DFM-81211-00311,"{"""",DFM,DIM}",Not Available
CO-DFM-80751-00330,"{"""",DFM}",Not Available
NC-DFM-27909-01032,"{"""",DFM}",Not Available
OK-CFM-73072-01233,"{"""",DFM}",Not Available
CO-CFM-80549-00312,"{"""",DFM,DIM,CRAD}",Not Available
AZ-CFM-86314-00194,"{"""",CFM}",Not Available
CO-DFM-80634-00327,"{"""",DFM}",Not Available
CO-DFM-80233-00335,"{"""",DFM}",Not Available
AZ-CIM-85266-00212,"{"""",CIM}",Travel Medicine
CO-CFM-80549-00314,"{"""",DFM,DIM,CRAD}",Not Available
OK-CIM-74137-01238,"{"""",DFM,CPED}",Not Available
CO-DFM-80031-00341,"{"""",DFM}",Not Available
CO-DFM-80104-00367,"{"""",DIM,DFM}",Not Available
CO-DIM-80138-00363,"{"""",DIM}",Not Available
CO-DFM-80302-00333,"{"""",DFM}","Nutrition Coaching,Marijuana / Cannabis Clinic,CBD Clinic,LGBTQ Competent / Friendly,Addiction Medicine,Suboxone / Vivitrol Clinic,Social & Societal Health - Community-Based Wellness"
KS-DIM-67114-00752,"{"""",DIM}",Not Available
CO-DFM-80132-00369,"{"""",DFM}",Not Available
OK-CFM-74137-01239,"{"""",DFM}",Not Available
MI-DFM-48084-00892,"{"""",DFM}",Nutrition Coaching
OK-CFM-74137-01241,"{"""",DFM,DIM}",Not Available
TX-DFM-76104-01460,"{"""",DFM}",Not Available
OK-CFM-74137-01242,"{"""",DFM,DIM}",Not Available
CO-DFM-80924-00370,"{"""",DFM}","Cosmetic (Botox, Fillers, PRP, etc),Nutrition Coaching,Marijuana / Cannabis Clinic,Ear Wax Removal"
CO-DFM-80524-00316,"{"""",DFM}",Not Available
CO-DFM-80134-00384,"{"""",DFM,CAL,CINT,CEND,CRAD}","Weight Loss,Nutrition Coaching"
CO-DFM-80919-00373,"{"""",DFM}",Not Available
CO-DFM-81007-00376,"{"""",DFM}",Not Available
CO-DFM-80525-00318,"{"""",DFM,DIM}",Not Available
MI-CPED-49525-00908,"{"""",CPED}","Weight Loss,Ear Wax Removal"
ID-DFM-83651-00628,"{"""",CFM}",Not Available
ID-CFM-83616-00630,"{"""",CFM}",Not Available
TX-CIM-78613-01487,"{"""",CIM}",Not Available
OH-DFM-43085-01177,"{"""",DFM,CINT}",Not Available
OH-DFM-45040-01190,"{"""",DFM,CPED,CFUM,CINT,CHOL}",Not Available
CO-DFM-80525-00319,"{"""",DFM}",Not Available
ID-DFM-83642-00635,"{"""",DFM}",Not Available
ID-DFM-83642-00639,"{"""",DFM,DIM}",Not Available
TX-DFM-78734-01492,"{"""",DFM}",Not Available
CO-DFM-80218-00390,"{"""",DFM}",Not Available
AZ-CFM-85262-00204,"{"""",CFM,CPM}",Weight Loss
CO-CPED-80547-00393,"{"""",CPED}",Not Available
TX-CFM-76137-01459,"{"""",CFM}",Not Available
NV-DIM-89012-01105,"{"""",DIM}",Not Available
CO-CFM-80921-00397,"{"""",CFM,CIM}",Not Available
CO-DFM-80525-00322,"{"""",DFM}",Not Available
ID-DFM-83702-00643,"{"""",DFM,DIM}",Not Available
ID-DFM-83843-00646,"{"""",DFM,DIM}",Not Available
NV-DFM-89052-01107,"{"""",DFM}",Not Available
TX-DFM-76109-01463,"{"""",DFM}",Not Available
CO-DFM-80525-00323,"{"""",DFM}",Not Available
ID-DFM-83221-00653,"{"""",DFM,DIM}",Not Available
NY-DIM-12550-01119,"{"""",DIM,CPED}",Ear Wax Removal
ID-DFM-83221-00654,"{"""",DFM}",Not Available
ID-DFM-83404-00655,"{"""",DFM}",Not Available
TX-DFM-76063-01465,"{"""",DFM}",Not Available
CO-CIM-80111-00411,"{"""",CIM,CPED,CGER}",Weight Loss
CO-CFM-80111-00412,"{"""",CFM,CGER}",Not Available
CO-CFM-80487-00415,"{"""",CFM,CPED,CGER}",Weight Loss
CO-DIM-80538-00324,"{"""",DFM}",Not Available
WY-CFM-82001-01830,"{"""",CFM,CIM}",Not Available
CO-DFM-80528-00386,"{"""",DFM,DIM,CAL,CINT,CEND,CRAD}","Weight Loss,Nutrition Coaching"
MO-DFM-63122-00943,"{"""",DFM}",Not Available
CO-DFM-80538-00325,"{"""",DFM,DIM}",Not Available
MO-DFM-63015-00945,"{"""",DFM}",Not Available
AZ-CFM-85259-00128,"{"""",CFM}",Not Available
AZ-DFM-86314-00129,"{"""",DFM,CINT}",Not Available
AZ-DFM-85029-00138,"{"""",DFM,COBG,CURO}","Weight Loss,Nutrition Coaching,CBD Clinic,LGBTQ Competent / Friendly,Homeopathy Medicine,COVID-19 testing,Ear Wax Removal"
IL-CPED-60618-00696,"{"""",CPED}",Not Available
TX-DFM-75104-01468,"{"""",DFM}",Not Available
AZ-DFM-85050-00139,"{"""",DFM,CFUM,CINT}",Not Available
CO-DFM-80537-00326,"{"""",DFM,DIM}",Not Available
UT-CFM-84790-01615,"{"""",CFM,CHOL,CPM}",Not Available
TX-CIM-75231-01588,"{"""",CIM}",Not Available
NY-CIM-10024-01138,"{"""",CIM}",Not Available
MO-DFM-63703-00958,"{"""",DFM,CSPO}",Ear Wax Removal
TX-DFM-75165-01470,"{"""",DFM}",Not Available
AZ-CIM-85258-00142,"{"""",CIM}",Travel Medicine
AZ-CNAT-85209-00151,"{"""",CNAT,CPED,COBG,CSPO}",Acupuncture
CO-DFM-80634-00328,"{"""",DFM}",Not Available
AZ-DFM-85704-00157,"{"""",DFM,COBG,CPSL}","Acupuncture,Ear Wax Removal,Weight Loss"
MO-DFM-65712-00969,"{"""",DFM}",Not Available
CT-DFM-6258-00442,"{"""",DFM}",Not Available
CT-DIM-6074-00427,"{"""",DIM,CPED}","Weight Loss,Acupuncture"
CT-DFM-6258-00428,"{"""",DFM}",Not Available
AZ-DFM-85378-00162,"{"""",DFM,DIM}",Not Available
NY-CIM-10708-01143,"{"""",CIM,CPM}",Not Available
AZ-CIM-85253-00163,"{"""",CIM,CGEN}","Weight Loss,Nutrition Coaching"
AZ-CFM-85253-00164,"{"""",CFM,CGEN}","Weight Loss,Nutrition Coaching"
CT-CIM-6897-00430,"{"""",CIM,CPM}",Not Available
AZ-DFM-85257-00170,"{"""",DFM,DIM,CPM,CEND,CINT,CPSL,CSPO,CD}","COVID-19 Testing,Nutrition Coaching,Weight Loss,Cosmetic"
AZ-CFM-85298-00220,"{"""",CFM,CSPO}",Not Available
CO-DFM-80919-00374,"{"""",DFM,DIM}",Not Available
AZ-CFM-85260-00173,"{"""",CFM}",Not Available
AZ-CIM-85715-00172,"{"""",CIM,CPM}",Not Available
CT-CIM-6831-00431,"{"""",CIM,CID,CPM}",Not Available
AZ-CFM-85258-00181,"{"""",CFM,CINT,CFUM}",Not Available
CA-CFM-91030-00280,"{"""",CFM,CHOL}","Cosmetic (Botox, Fillers, PRP, etc),Nutrition Coaching,Traditional Chinese Medicine,COVID-19 testing,Acupuncture,Ear Wax Removal,Osteopathic Manipulative Medicine"
AZ-CFM-85258-00182,"{"""",CFM,CINT,CFUM}",Not Available
NY-CIM-10016-01142,"{"""",CIM,CPM}",Not Available
AZ-CFM-85032-00186,"{"""",CFM}",Weight Loss
CO-DFM-80504-00331,"{"""",DFM}",Not Available
NY-CIM-10128-01157,"{"""",CIM,CC}",Not Available
TX-COR-76708-01477,"{"""",COR}",Not Available
CT-CIM-6831-00432,"{"""",CIM,CC,CPM}",Not Available
CT-CIM-6831-00433,"{"""",CIM,CPM}",Not Available
AZ-CFM-85032-00187,"{"""",CFM}",Weight Loss
MT-DFM-59860-00982,"{"""",DFM}",Not Available
AZ-CFM-85255-00188,"{"""",CFM}",Not Available
CA-DFM-94515-00233,"{"""",DFM}",Not Available
CO-CFM-80302-00334,"{"""",CFM}","Nutrition Coaching,Acupuncture"
CA-DIM-94109-00235,"{"""",DIM,CC}",Not Available
AZ-CIM-85755-00190,"{"""",CIM,CPM}",Not Available
CT-CIM-6880-00436,"{"""",CIM}",Not Available
AZ-CFM-85004-00195,"{"""",CFM}",Not Available
AZ-CFM-85255-00196,"{"""",CFM,CFUM,CINT}",Not Available
OH-DFM-44483-01171,"{"""",DFM}",Not Available
CT-CIM-6880-00437,"{"""",CIM,CEND}",Weight Loss
MT-DFM-59937-00980,"{"""",DFM,DIM}",Not Available
ME-DFM-4543-00883,"{"""",DFM,CPM,CSPO}",Not Available
AZ-CFM-85006-00201,"{"""",CFM,CIM,CPED}",Cosmetic
AZ-CFM-85704-00202,"{"""",CFM,CGER,CPM}",Weight Loss
AZ-CFM-85254-00203,"{"""",CFM,CGER,CD}",Cosmetic
CO-DFM-80031-00337,"{"""",DFM}",Not Available
CT-CIM-6880-00438,"{"""",CIM,CNEP,CPM,CC}",Not Available
AZ-DFM-85207-00206,"{"""",CPED}",Not Available
AZ-CIM-85016-00208,"{"""",CIM,CHOL,CFUM}",Weight Loss
CA-CPED-94062-00239,"{"""",CPED,CSPO,CPM}","Acupuncture,Nutrition Coaching,Travel Medicine"
FL-CSPO-32501-00559,"{"""",CSPO}",Not Available
CA-CPED-94062-00240,"{"""",CPED,CSPO,CPM}","Acupuncture,Nutrition Coaching,Travel Medicine"
OH-DIM-43213-01174,"{"""",DIM,CIM}",Weight Loss
CT-CIM-6032-00439,"{"""",CIM}",Not Available
FL-DFM-32605-00541,"{"""",DFM}",Not Available
CO-DFM-80528-00382,"{"""",DFM,CAL,CINT,CEND,CRAD}","Weight Loss,Nutrition Coaching"
CA-DFM-93301-00249,"{"""",DFM,CNEU}",Not Available
CT-CIM-6032-00440,"{"""",CIM}",Not Available
CT-CIM-6820-00443,"{"""",CIM}",Not Available
CO-DFM-80919-00375,"{"""",DFM,DIM}",Not Available
TX-DFM-78633-01486,"{"""",DFM}",Not Available
CO-DFM-80031-00338,"{"""",DFM}",Not Available
AZ-DFM-85712-00214,"{"""",DFM,CFM,CINT}",Not Available
AZ-CC-85258-00211,"{"""",CC,CPM}",Weight Loss
CT-CIM-6460-00444,"{"""",CIM}",Weight Loss
AZ-CFM-85253-00216,"{"""",CFM}",Cosmetic
CT-DFM-6281-00445,"{"""",DFM}",Not Available
AZ-CFM-85003-00218,"{"""",CFM,CIM,CPM,CHOL}",Not Available
FL-DFM-33196-00505,"{"""",DFM}",Not Available
CT-CGER-6378-00447,"{"""",CGER}",Not Available
AZ-CPED-85268-00219,"{"""",CPED,CSPO}",Nutrition Coaching
CT-CGER-6378-00448,"{"""",CGER,CIM,CFM}",Not Available
AZ-CFM-85298-00221,"{"""",CFM,CIM,CSPO}",Not Available
WA-CFM-98275-01695,"{"""",CFM}",Not Available
FL-DIM-33629-00494,"{"""",DIM}",Ear Wax Removal
WA-DIM-98112-01703,"{"""",DIM}",COVID-19 Testing
CO-DFM-80031-00340,"{"""",DFM}",Not Available
TN-DFM-37601-01406,"{"""",DFM,CSPO,CHOL}",Weight Loss
CO-CIM-80206-00342,"{"""",DIM}",Not Available
WA-DFM-98121-01706,"{"""",DFM}",Not Available
NM-CIM-87505-01098,"{"""",CIM}",Not Available
WA-DFM-98136-01711,"{"""",DFM,CNAT}","Nutrition Coaching,LGBTQ Competent / Friendly,Traditional Chinese Medicine,COVID-19 testing,Acupuncture,Ear Wax Removal"
VA-DFM-22301-01655,"{"""",DFM}",Ear Wax Removal
AZ-CFM-86305-00127,"{"""",CFM,CINT}",Not Available
CA-DFM-91359-00253,"{"""",DFM}",COVID-19 Testing
SC-DFM-29401-01334,"{"""",DFM}",Not Available
CO-DFM-80225-00343,"{"""",DIM,DFM}",Not Available
CT-CIM-6378-00449,"{"""",CIM,CEM}",Not Available
WA-DFM-98466-01714,"{"""",DFM}",Weight Loss
WA-DFM-98409-01715,"{"""",DFM}",Weight Loss
CO-DFM-80923-00344,"{"""",DFM}",Not Available
OH-DFM-45431-01184,"{"""",DFM}",Ear Wax Removal
OH-DFM-45431-01186,"{"""",DFM}",Ear Wax Removal
CO-DFM-80923-00345,"{"""",DFM}",Not Available
WA-DFM-98802-01719,"{"""",DFM,CHOL,CPM}",Not Available
WA-DFM-98604-01723,"{"""",DFM}","COVID-19 Testing,Weight Loss"
CA-DFM-91359-00258,"{"""",DFM}",COVID-19 Testing
TX-CFM-78681-01490,"{"""",CFM}",Not Available
SC-DFM-29607-01337,"{"""",DFM}",Not Available
CA-DFM-91359-00255,"{"""",DFM}",COVID-19 Testing
TX-CFM-78750-01491,"{"""",CFM}",Not Available
SC-DFM-29607-01338,"{"""",DFM}",Not Available
OH-DFM-45056-01189,"{"""",DFM}",Not Available
CT-DFM-6033-00426,"{"""",DFM,CINT}",Not Available
CT-CFM-6840-00450,"{"""",CIM,CINT}",Not Available
SC-DFM-29621-01349,"{"""",DFM}",Nutrition Coaching
CO-DFM-80923-00347,"{"""",DFM}",Not Available
WA-DFM-98663-01726,"{"""",DFM}",Not Available
CA-CPED-91030-00261,"{"""",CPED}","COVID-19 Testing,Nutrition Coaching"
WA-DFM-99208-01730,"{"""",DFM}","Weight Loss,Nutrition Coaching,Ear Wax Removal"
TX-DFM-78734-01493,"{"""",DFM}",Not Available
TX-CFM-78746-01494,"{"""",CFM}",Not Available
WA-DFM-98926-01734,"{"""",DFM}",Ear Wax Removal
CO-DFM-80923-00348,"{"""",DFM,DIM}",Not Available
SC-DFM-29621-01352,"{"""",DFM}",Nutrition Coaching
WA-CFM-98122-01735,"{"""",CFM}",Ear Wax Removal
SC-DFM-29640-01353,"{"""",DFM,CGER,CSPO}",Not Available
FL-DFM-33558-00498,"{"""",DFM}",Not Available
SC-DFM-29732-01358,"{"""",DFM,CPM,CSPO}",Not Available
FL-DFM-32216-00553,"{"""",DFM}","Weight Loss,Nutrition Coaching,Marijuana / Cannabis Clinic,LGBTQ Competent / Friendly,Addiction Medicine,Suboxone / Vivitrol Clinic,Ear Wax Removal,Functional/root cause medicine"
UT-CFM-84111-01592,"{"""",CFM,CFUM,CINT,CHOL,CAY}",Traditional Chinese Medicine
UT-DFM-84105-01593,"{"""",DFM}",Not Available
CO-DFM-80923-00349,"{"""",DFM}",Not Available
WA-DFM-98310-01738,"{"""",DFM,DIM}","Weight Loss,Travel Medicine"
WA-DIM-98104-01745,"{"""",DIM}",Not Available
WA-DFM-98607-01753,"{"""",DFM}",Not Available
KY-DFM-40245-00812,"{"""",DFM}",Not Available
OH-DIM-45227-01198,"{"""",DIM,DFM,CIM,CPED}","COVID-19 Testing,Cosmetic"
CT-CIM-6518-00452,"{"""",CIM,CC,CID}",Not Available
CT-CIM-6518-00453,"{"""",CIM,CPM}",Not Available
CO-DFM-80923-00350,"{"""",DFM}",Not Available
WA-DFM-98607-01756,"{"""",DFM,DIM}",Not Available
CA-DFM-92612-00268,"{"""",DFM,CPM}","Weight Loss,COVID-19 Testing"
UT-CFM-84121-01594,"{"""",CFM,CPM,CHOL,CSPO}",Not Available
AZ-DFM-85086-00130,"{"""",DFM}",Weight Loss
IL-CPED-60607-00690,"{"""",CPED,CINT}",Not Available
OH-DFM-45206-01203,"{"""",DFM}",Not Available
MI-DFM-49546-00913,"{"""",DFM}",Not Available
WA-DIM-98005-01762,"{"""",DIM}",Not Available
TX-DFM-78705-01499,"{"""",DFM}",Not Available
UT-CIM-84098-01596,"{"""",CIM}",Not Available
CO-DFM-80903-00351,"{"""",DFM}",Not Available
UT-DFM-84065-01597,"{"""",DFM,CSPO,CPM,CPED,COBG,CURO,CGAS,CC}",Not Available
CO-DFM-80903-00352,"{"""",DFM,DIM}",Not Available
TN-DFM-37601-01407,"{"""",DFM,CSPO,CHOL}",Weight Loss
WA-DFM-98532-01768,"{"""",DFM}",Pain Clinic
CT-CIM-6518-00454,"{"""",CIM,CEND}",Not Available
OH-DFM-43551-01205,"{"""",DFM}",Acupuncture
TX-DFM-77304-01500,"{"""",DFM}",Not Available
FL-CPED-33544-00504,"{"""",CPED}","Weight Loss,Ear Wax Removal"
UT-DFM-84065-01598,"{"""",DFM,CSPO,CPM,CPED,COBG,CURO,CGAS,CC}",Not Available
CO-DFM-80903-00353,"{"""",DFM,DIM}",Not Available
UT-DFM-84043-01599,"{"""",DFM,CSPO,CPM,CPED,COBG,CURO,CGAS,CC}",Not Available
WA-DFM-98065-01771,"{"""",DFM}",COVID-19 Testing
TX-DFM-78702-01501,"{"""",DFM}",Not Available
CA-CPED-91302-00276,"{"""",CPED,CPM,CPSL}",Not Available
CA-CFM-93704-00275,"{"""",CFM}",Not Available
OK-DFM-73701-01212,"{"""",DFM}",Not Available
WA-DFM-98065-01772,"{"""",DFM}",COVID-19 Testing
WA-DFM-98506-01777,"{"""",DFM}",Not Available
MI-DFM-49009-00916,"{"""",DFM}","Weight Loss,Nutrition Coaching,COVID-19 testing,Ear Wax Removal"
CT-CFM-6518-00455,"{"""",CFM}",Not Available
AL-CIM-35205-00022,"{"""",CIM}",Not Available
CO-DFM-80123-00356,"{"""",DFM,DIM}",Not Available
FL-CFM-33410-00515,"{"""",CFM,CPM,CGER}",COVID-19 testing
TX-DFM-78130-01502,"{"""",DFM}",Not Available
TN-CFM-38478-01408,"{"""",CFM}",Not Available
WA-CIM-98004-01781,"{"""",CIM,COBG}",Not Available
WA-CIM-98004-01782,"{"""",CIM}",Not Available
WA-CIM-98104-01783,"{"""",CIM,CPED,CPAL}",Not Available
MO-DFM-65807-00967,"{"""",DFM}",Weight Loss
UT-DFM-84065-01601,"{"""",DFM,CSPO,CPM,CPED,COBG,CURO,CGAS,CC}",Not Available
CO-DFM-80212-00358,"{"""",DFM}",Not Available
UT-DFM-84065-01606,"{"""",DFM,CSPO,CPM,CPED,COBG,CURO,CGAS,CC}",Not Available
CA-CSPO-92663-00224,"{"""",CSPO}",Not Available
UT-DFM-84604-01609,"{"""",DFM,CRAD}",Not Available
CA-CFM-95818-00284,"{"""",CFM,CINT,CPM,CGER}",Not Available
AZ-DFM-85382-00133,"{"""",DFM,CINT}",Not Available
CA-CFM-92663-00226,"{"""",CFM}",Not Available
CA-DFM-96080-00230,"{"""",DFM,CPED,CGER}",Ear Wax Removal
OK-DFM-73701-01213,"{"""",DFM,DIM}",Not Available
UT-CFM-84771-01614,"{"""",CFM,CIM}",Not Available
TX-DFM-78006-01503,"{"""",DFM}",Not Available
UT-CFM-84790-01616,"{"""",CFM,CHOL,CPM}",Not Available
CO-DFM-80122-00360,"{"""",DFM,DIM}",Not Available
UT-CFM-84070-01621,"{"""",CFM,CIM}",Not Available
CO-DFM-80122-00361,"{"""",DFM,DIM}",Not Available
OK-DFM-73099-01217,"{"""",DFM,COBG}",Not Available
WA-DFM-98532-01769,"{"""",DFM}",Pain Clinic
AL-CFM-35209-00024,"{"""",CFM,CD}",Not Available
CA-DFM-95973-00231,"{"""",DFM}",Ear Wax Removal
CO-DFM-80104-00366,"{"""",DIM,DFM}",Not Available
ME-DFM-4105-00881,"{"""",DFM}",Not Available
CA-DFM-95819-00232,"{"""",DFM}","LGBTQ Competent / Friendly,Addiction Medicine,Suboxone / Vivitrol Clinic,Also specialized in type 1 diabetes"
CA-DIM-94401-00236,"{"""",DIM}",Not Available
TX-CFM-76092-01413,"{"""",CFM}",Not Available
FL-DFM-34471-00538,"{"""",DFM}",Ear Wax Removal
CA-CEM-94062-00237,"{"""",CEM,CPM}","Acupuncture,Nutrition Coaching,Travel Medicine"
CO-DFM-81621-00378,"{"""",DFM,CAL,CD,CPSL,CSM,COR,CEND,CPM,CSPO}","Weight Loss,Nutrition Coaching"
OK-DFM-73099-01215,"{"""",DFM}",Not Available
TX-DFM-77375-01505,"{"""",DFM}",Not Available
CA-DFM-95350-00242,"{"""",DFM}",Not Available
CA-DFM-95350-00243,"{"""",DFM}",Not Available
CA-DFM-95062-00246,"{"""",DFM,CPED,CGER,COBG,CPSL,CSX}","Weight Loss,Travel Medicine"
CA-DFM-93401-00248,"{"""",DFM,CPM,CPED}",Not Available
MT-DFM-59808-00983,"{"""",DFM}",Not Available
CO-DFM-80919-00372,"{"""",DFM}",Not Available
ME-DFM-4032-00882,"{"""",DFM}","Nutrition Coaching,Weight Loss"
CA-DFM-91359-00256,"{"""",DFM}",COVID-19 Testing
CA-DFM-92648-00263,"{"""",DFM,CSPO,CRAD}","Cosmetic,Weight Loss"
CA-DIM-91502-00260,"{"""",DIM,CPM}",Not Available
CA-DFM-92620-00270,"{"""",DFM,CSPO,CINT}",Nutrition Coaching
CO-DFM-81001-00377,"{"""",DFM}",Not Available
CA-DFM-92648-00265,"{"""",DFM,CSPO,CRAD}","Cosmetic,Weight Loss"
AL-CFM-36532-00025,"{""""}",Not Available
CA-CIM-90720-00278,"{"""",CIM,CGER}","Weight Loss,Nutrition Coaching"
CA-DFM-92007-00282,"{"""",CFM,CPM}",Not Available
ME-DFM-4658-00885,"{"""",DFM,CSPO,CPM}",Not Available
FL-CFM -33134-00465,"{""""}",Not Available
OK-DFM-73160-01224,"{"""",DFM,DIM}",Not Available
TX-CFM-76092-01414,"{"""",CFM}",Not Available
MA-DFM-2048-00840,"{"""",DFM,CPM,CSPO,COBG}",Not Available
CA-CFM-92506-00285,"{"""",CFM,CPM,CRHE,CGAS,CC,CSM,CPSL,CAL,CD,CGAS,CURO}","Pain Clinic,Weight Loss"
CO-DFM-80528-00389,"{"""",DFM,DIM,CAL,CINT,CEND,CRAD}","Weight Loss,Nutrition Coaching"
PA-CFM-15317-01318,"{"""",CFM}",Not Available
CA-CFM-92506-00287,"{"""",CFM,CIM,CPM,CRHE,CGAS,CC,CSM,CPSL,CAL,CD,CGAS,CURO}","Pain Clinic,Weight Loss"
MA-DFM-2116-00849,"{"""",DFM,CFUM}","Cosmetic (Botox, Fillers, PRP, etc),Weight Loss,Nutrition Coaching,LGBTQ Competent / Friendly,COVID-19 testing,Ear Wax Removal"
TX-CIM-78257-01506,"{"""",CIM}",Not Available
VA-CFM-20191-01622,"{"""",CFM}",Not Available
CO-DFM-80238-00391,"{"""",DFM,CPED,CSPO,CPSL}","Weight Loss,Travel Medicine"
AL-DFM-35967-00004,"{"""",DFM}",Nutrition Coaching
VA-CNAT-23451-01626,"{"""",CNAT}",Not Available
CO-DFM-80238-00392,"{"""",DFM,DIM,CPED,CSPO,CPSL}","Weight Loss,Travel Medicine"
CO-DIM-80401-00394,"{"""",DIM}",Not Available
VA-DFM-23185-01630,"{"""",DFM}",Not Available
VA-DFM-23226-01632,"{"""",DFM}",Not Available
VA-DFM-23322-01627,"{"""",DFM}",Not Available
VA-DFM-23113-01633,"{"""",CPED}",Not Available
TX-CEND-78248-01507,"{"""",CEND}",Not Available
FL-DFM-33486-00469,"{"""",DFM,DIM}",Not Available
VA-DFM-22903-01636,"{"""",DFM}",Not Available
CO-CFM-80921-00396,"{"""",CFM}",Not Available
VA-DFM-22903-01638,"{"""",DFM}",Not Available
AL-DFM-35967-00005,"{"""",DFM}",Nutrition Coaching
CO-CFM-80222-00400,"{"""",CFM,CGER}",Not Available
FL-DFM-34211-00486,"{"""",DFM}",Not Available
VA-DFM-24503-01643,"{"""",DFM}",Not Available
VA-DFM-24551-01644,"{"""",DFM,CFM,CSPO}",Not Available
CO-CPST-80921-00399,"{"""",CPST}",Not Available
AZ-DFM-85282-00148,"{"""",DFM}",Not Available
TX-CFM-78250-01508,"{"""",CFM}",Not Available
CO-CIM-80220-00402,"{"""",CIM}",Not Available
VA-DFM-24551-01645,"{"""",DFM,CFM,CSPO}",Not Available
MI-DFM-48084-00894,"{"""",DFM}",Nutrition Coaching
TX-CFM-76092-01415,"{"""",CFM}",Not Available
AL-DFM-35967-00006,"{"""",DFM}",Nutrition Coaching
OK-COR-73072-01231,"{"""",DFM}",Not Available
AL-DFM-35768-00007,"{"""",DFM}",Nutrition Coaching
FL-DIM-34110-00472,"{"""",DIM}",Not Available
VA-DFM-24551-01646,"{"""",DFM,CFM,CSPO}",Not Available
CO-CFM-80124-00405,"{"""",CFM,CINT}",Not Available
VA-DFM-24551-01647,"{"""",DFM}",Not Available
OK-DIM-74136-01237,"{"""",DFM,DIM}",Not Available
CO-CIM-80220-00404,"{"""",CIM}",Not Available
VA-DFM-20165-01661,"{"""",DFM}",Not Available
VA-DFM-22180-01657,"{"""",CPM}",Not Available
AZ-DIM-85382-00136,"{"""",DIM,CRAD,CINT}",Not Available
CO-CFM-80104-00407,"{"""",CFM}",Not Available
VA-CIM-23230-01667,"{"""",CIM}",Not Available
VA-CIM-23230-01670,"{"""",CIM}",Not Available
CO-CFM-80111-00425,"{"""",CFM,CPM,CSX}",Cosmetic
CO-CFM-80487-00417,"{"""",CFM,CIM,CPED}",Not Available
VA-CIM-23220-01676,"{"""",CIM}",Not Available
GA-DIM-30342-00588,"{"""",DIM}",Not Available
MI-DFM-49546-00914,"{"""",DFM}",Not Available
AL-DFM-36207-00010,"{"""",DFM,CPM}",Not Available
TX-CFM-78250-01510,"{"""",CFM}",Not Available
VA-CFM-23220-01677,"{"""",CFM}",Not Available
CO-CFM-80104-00409,"{"""",CFM,CIM,CPST}",Not Available
TX-CFM-78250-01511,"{"""",CFM}",Not Available
CO-CFM-80104-00410,"{"""",CFM,CIM}",Not Available
VA-CFM-22030-01679,"{"""",CFM,COBG,CD,CPSL,CGER,CPED}",Not Available
VA-CFM-22151-01681,"{"""",CFM,CRAD}",Not Available
VA-CIM-22151-01683,"{"""",CIM}",Not Available
AL-DFM-36207-00011,"{"""",DFM,CPM}",Not Available
TX-DFM-78229-01512,"{"""",DFM}",Not Available
FL-CIM-34134-00474,"{"""",CIM,CPM,CGER}","Nutrition Coaching,Travel Medicine"
GA-DFM-31639-00566,"{"""",DFM,CSPO}",Weight Loss
AZ-DFM-85396-00137,"{"""",DFM,CPM,CEND,CFUM,CINT,CD}","Weight Loss,Nutrition Coaching"
GA-DFM-31639-00567,"{"""",DFM,CSPO}",Weight Loss
AL-DFM-35209-00012,"{"""",DFM,CSPO}","Weight Loss,Nutrition Coaching,COVID-19 testing"
GA-DFM-30188-00599,"{"""",DFM,CSPO}","Weight Loss,Ear Wax Removal"
CO-CIM-80027-00414,"{"""",CIM}",Not Available
MI-DFM-49085-00921,"{"""",DFM,CPED}",Ear Wax Removal
OK-DFM-74006-01235,"{"""",DFM,CPAL}",Not Available
AL-DFM-35173-00014,"{"""",DFM}","Weight Loss,Nutrition Coaching"
AL-DFM-35950-00016,"{"""",DFM}",Weight Loss
TX-CFM-78213-01513,"{"""",CFM}",Not Available
MI-DFM-49024-00924,"{"""",DFM,DIM,CFUM,CINT,CHOL}","Acupuncture,Nutrition Coaching"
FL-DFM-33572-00487,"{"""",DFM}",Not Available
GA-DFM-31750-00569,"{"""",DFM}","Weight Loss,Nutrition Coaching,COVID-19 testing,Ear Wax Removal"
KS-DFM-66762-00766,"{"""",DFM,DIM}",Not Available
AL-CIM-36608-00018,"{"""",CIM}",Not Available
CO-CFM-80487-00416,"{"""",CFM}",Not Available
GA-DIM-31401-00572,"{"""",DIM}",Not Available
UT-DFM-84065-01604,"{"""",DFM,CSPO,CPM,CPED,COBG,CURO,CGAS,CC}",Not Available
IA-DIM-50266-00625,"{"""",DIM}",Weight Loss
CO-DFM-80303-00419,"{"""",DFM,DIM,CSPO}",Not Available
GA-DIM-31322-00574,"{"""",DIM}",Weight Loss
GA-DFM-30907-00578,"{"""",DFM,CSPO,CPM}","LGBTQ Competent / Friendly,Travel Medicine,Ear Wax Removal"
GA-DFM-30458-00575,"{"""",DFM}",Not Available
FL-CIM-33919-00478,"{"""",CIM,CINT}",Weight Loss
GA-DIM-30269-00582,"{"""",DIM}",Not Available
GA-DIM-30907-00581,"{"""",DIM}",Not Available
MT-DFM-59718-00987,"{"""",DFM,DIM}",Not Available
GA-DFM-30144-00592,"{"""",DFM,CFUM}",Not Available
CO-DFM-80303-00421,"{"""",DFM,DIM}",Not Available
GA-DFM-30290-00583,"{"""",DFM}",Not Available
GA-DFM-30339-00587,"{"""",DFM,CPM,CSPO}",Not Available
AR-DIM-72758-00036,"{"""",DIM,CPED}",Not Available
GA-DFM-30117-00597,"{"""",DFM}",Weight Loss
FL-DIM-33901-00480,"{"""",DIM,CINT,CHOL}",Nutrition Coaching
AL-CIM-35205-00019,"{"""",CIM,CPM}",Not Available
TX-CFM-75965-01416,"{"""",CFM}",Not Available
CO-CIM-80220-00423,"{"""",CIM,CPM,CC}",Not Available
AL-CFM-35758-00026,"{"""",CFM}","Cosmetic,Weight Loss"
AL-CFM-35758-00027,"{"""",CFM,CIM,CEND}","Cosmetic,Weight Loss"
FL-DFM-34239-00485,"{"""",DFM,CINT}","Weight Loss,Addiction Medicine"
KY-DFM-40701-00807,"{"""",DFM}",Not Available
GA-DFM-30115-00600,"{"""",DFM,CPM,CSPO}","Weight Loss,Nutrition Coaching,Ear Wax Removal"
GA-DIM-30342-00608,"{"""",DIM}",Not Available
OR-DFM-97210-01246,"{"""",DFM,CPM}",Nutrition Coaching
TX-CIM-77401-01417,"{"""",CIM}",Not Available
FL-DFM-33765-00491,"{"""",DFM,CPM,CPED,CGER}",Weight Loss
WI-DFM-53018-01790,"{"""",DFM,CPM,CPAL}",Not Available
KS-DFM-66614-00771,"{"""",DFM,DIM}",Not Available
WI-DFM-53092-01792,"{"""",DFM}",Cosmetic
TX-DFM-77901-01518,"{"""",DFM}",Not Available
OR-DIM-97202-01248,"{"""",DIM,CINT,CPM,CSPO,CPSL,COBG,CPED,CEM}","Weight Loss,Travel Medicine"
GA-DFM-31322-00573,"{"""",DFM}",Not Available
MN-DFM-56303-00938,"{"""",DFM}",Travel Medicine
GA-CC-30342-00609,"{"""",CC}",Not Available
GA-DFM-30331-00610,"{"""",DFM}",Not Available
KS-DFM-66614-00772,"{"""",DFM,DIM}",Not Available
PA-DFM-19348-01289,"{"""",DFM,CPED}",Weight Loss
TX-DFM-78414-01519,"{"""",DFM}",Not Available
FL-DIM-34684-00493,"{"""",DIM}",Not Available
PA-DFM-19147-01291,"{"""",DFM}",Not Available
FL-CFM-33606-00496,"{"""",CFM,CPM,CSPO}","Weight Loss,Ear Wax Removal"
PA-DFM-19460-01295,"{"""",DFM}",Not Available
PA-DFM-19460-01296,"{"""",DFM}",Not Available
PA-DFM-18106-01304,"{"""",DFM}",Ear Wax Removal
TN-CFUM-37067-01409,"{"""",CFUM,CIM,CPED}",Not Available
FL-CFM-33606-00495,"{"""",CFM,CPM,CSPO}","Weight Loss,Ear Wax Removal"
FL-DFM-34655-00501,"{"""",DFM}",Not Available
WI-DFM-53092-01793,"{"""",DFM}",Cosmetic
NC-DFM-27055-01016,"{"""",DFM}","Cosmetic (Botox, Fillers, PRP, etc),Ear Wax Removal"
OR-DFM-97302-01252,"{"""",DFM}",Not Available
PA-DFM-18017-01305,"{"""",DFM}",Ear Wax Removal
WI-DFM-53530-01797,"{"""",DFM}","Ear Wax Removal,Blood sugar, chem urinalysis, strep throat screen, urine preg, ECG, Home heart rhythm testing"
AR-DFM-72223-00042,"{"""",DFM}",Ear Wax Removal
AR-DIM-72223-00043,"{"""",DIM}",Ear Wax Removal
FL-DFM-33544-00503,"{"""",DFM}",Not Available
KS-DFM-66604-00775,"{"""",DFM,DIM}",Not Available
TX-CIM-77005-01589,"{"""",CIM}",Not Available
OR-DIM-97401-01256,"{"""",DIM,CPM,CRHE}",Not Available
PA-DFM-17601-01307,"{"""",DFM}",Ear Wax Removal
PA-DFM-17572-01310,"{"""",DFM}",Ear Wax Removal
FL-DFM-33071-00507,"{"""",DFM}",Not Available
PA-DFM-15904-01315,"{"""",DFM}",Not Available
GA-DFM-30907-00580,"{"""",DFM,CSPO,CPM}","Weight Loss,Ear Wax Removal"
PA-DFM-16602-01316,"{"""",DFM,CHOL,CFUM,CINT}","Weight Loss,Nutrition Coaching,Marijuana / Cannabis Clinic,CBD Clinic,COVID-19 testing,Ear Wax Removal"
PA-DFM-15697-01317,"{"""",DFM}",Weight Loss
OR-DFM-97703-01258,"{"""",DFM}",Not Available
ME-DFM-4736-00886,"{"""",DFM,DIM}","Weight Loss,COVID-19 testing,Ear Wax Removal"
MD-DFM-21043-00862,"{"""",DFM}",Not Available
TX-CC-75201-01418,"{"""",CC}",Not Available
FL-DIM-33411-00509,"{"""",DIM,CPM}",Not Available
PA-CIM-15090-01323,"{"""",CIM}",Not Available
FL-DFM-33409-00512,"{"""",DFM,CSPO}",Not Available
NY-DFM-10461-01111,"{"""",DFM}",Ear Wax Removal
MO-DFM-65203-00953,"{"""",DFM}",Not Available
NY-DFM-10011-01115,"{"""",DFM,CINT,CPM}",Not Available
TX-DFM-78624-01523,"{"""",DFM}",Not Available
MD-DIM-21045-00863,"{"""",DIM}",Ear Wax Removal
FL-DFM-33409-00513,"{"""",DFM,CSPO}",Not Available
KS-DFM-66049-00779,"{"""",DFM}",Not Available
OR-DFM-97301-01263,"{"""",DFM,DIM}",Not Available
FL-CFM-33401-00514,"{"""",CFM,CINT,CPM}","Marijuana / Cannabis Clinic,Weight Loss,Travel Medicine"
KS-DFM-66048-00781,"{"""",DFM,DIM}",Not Available
CT-CIM-6897-00429,"{"""",CIM,CGER,CNSGY,COBG,CSU}",Not Available
TX-DFM-77803-01524,"{"""",DFM}",Not Available
NM-DFM-88005-01095,"{"""",DFM,DIM}","Weight Loss,Nutrition Coaching,LGBTQ Competent / Friendly,Ear Wax Removal,Pain Clinic"
NY-DFM-10016-01116,"{"""",DFM}",Not Available
MI-DFM-48103-00927,"{"""",DFM}",Not Available
TX-CFM-75034-01419,"{"""",CFM}",Not Available
NY-DFM-10954-01117,"{"""",DFM,DIM,CGER}",Ear Wax Removal
KS-DFM-66048-00782,"{"""",DFM,DIM}",Not Available
NY-CIM-11042-01135,"{"""",CIM}",Not Available
OR-DIM-97504-01265,"{"""",DIM,CPM,CINT}",Ear Wax Removal
NM-DFM-88062-01096,"{"""",DFM}",Not Available
NJ-CPED-8820-01075,"{"""",CPED}",Not Available
TX-DFM-75028-01432,"{"""",DFM}",Not Available
KS-DFM-66205-00783,"{"""",DFM}",Not Available
NY-DFM-13084-01122,"{"""",DFM}","Weight Loss,Marijuana / Cannabis Clinic,Addiction Medicine,Detox Services,Suboxone / Vivitrol Clinic,Ear Wax Removal,Pain Clinic,Minor surgery"
NY-DFM-14482-01123,"{"""",DFM}",Not Available
NY-CPED-14731-01125,"{"""",DFM,CPED}",Not Available
TX-DIM-75703-01527,"{"""",DIM}",Not Available
FL-DFM-32953-00522,"{"""",DFM}","Nutrition Coaching,Weight Loss"
OR-CFM-97220-01270,"{"""",CFM,CPSL,CEND}",LGBTQ Competent / Friendly
SC-DFM-29732-01357,"{"""",DFM,CPM,CSPO}",Not Available
FL-DIM-32835-00524,"{"""",DIM}","Marijuana / Cannabis Clinic,Weight Loss"
NJ-DFM-8809-01077,"{"""",DFM,CFUM}",Not Available
FL-DFM-32789-00528,"{"""",DFM}",Not Available
NJ-DFM-8809-01078,"{"""",DFM,DIM}",Not Available
NY-CFM-14092-01127,"{"""",CFM,CPED}",Not Available
NY-CEM-10577-01130,"{"""",CEM,CPM,CGER,CD}","COVID-19 Testing,Cosmetic"
IL-DFM-60131-00684,"{"""",DFM}",Not Available
FL-DFM-32804-00527,"{"""",DFM}",Weight Loss
NC-CIM-27834-01024,"{"""",CIM}",Not Available
NY-CIM-10028-01139,"{"""",CIM}",Not Available
VT-DIM-5401-01690,"{"""",DIM,CIM}",Not Available
NJ-DFM-8057-01079,"{"""",DFM,CFUM,CHOL}",Weight Loss
NJ-DFM-7052-01081,"{"""",DFM,CSPO}",Not Available
TX-DFM-75703-01528,"{"""",DFM}",Not Available
IN-CFM-46530-00709,"{"""",CFM}",Not Available
OR-CNAT-97504-01275,"{"""",CNAT,CSPO,CGER,CPED,CURO,COBG,CC,CHEON,CINT}","Nutrition Coaching,Acupuncture,Detox Services,Homeopathy Medicine,Pain Clinic"
WA-DFM-98362-01693,"{"""",DFM}",Ear Wax Removal
LA-DFM-70065-00826,"{"""",DFM}",Not Available
NY-CIM-10024-01141,"{"""",CIM}",Not Available
NY-CIM-10028-01154,"{"""",CIM}",Not Available
LA-DFM-70503-00831,"{"""",DFM}",Not Available
TX-DFM-79106-01420,"{"""",DFM}",Not Available
NY-CIM-11234-01156,"{"""",CIM,CC}",Not Available
NY-CIM-10016-01168,"{"""",CIM}",Not Available
NY-CIM-10028-01160,"{"""",CIM,CGAS}",Not Available
OR-CPSL-97220-01278,"{"""",CFM,CPSL,CEND}",LGBTQ Competent / Friendly
TX-DFM-75703-01529,"{"""",DFM}",Not Available
IN-DIM-46545-00710,"{"""",DIM,CFUM}",Not Available
NY-CIM-10016-01169,"{"""",CIM}",Not Available
LA-DFM-71360-00833,"{"""",DFM}",Not Available
IL-DFM-60403-00674,"{"""",DFM,DIM,CFUM,CINT}",Weight Loss
FL-DFM-32174-00535,"{"""",DFM}","Weight Loss,Ear Wax Removal"
IL-DFM-62526-00665,"{"""",DFM,CPM}",Not Available
MI-DFM-48334-00895,"{"""",DFM}",Cosmetic
TX-DFM-75703-01530,"{"""",DFM}",Not Available
PA-CFM-19035-01283,"{"""",CFM}",Not Available
TX-CFM-77082-01590,"{"""",CFM}",Not Available
MA-DFM-1440-00854,"{"""",DFM}",Not Available
FL-DFM-34471-00537,"{"""",DFM}",Ear Wax Removal
LA-DFM-71104-00835,"{"""",DFM}",Not Available
PA-CFM-15317-01282,"{"""",CFM}",Not Available
NV-DFM-89703-01100,"{"""",DFM}",Not Available
FL-DIM-32605-00540,"{"""",DIM}",Not Available
NV-DFM-89128-01104,"{"""",DFM}",Not Available
IL-DFM-60453-00678,"{"""",DFM,CINT}",Ear Wax Removal
IN-DFM-46383-00713,"{"""",DFM,DIM,CINT}",Ear Wax Removal
TX-DFM-75605-01531,"{"""",DFM}",Not Available
AZ-DIM-85260-00146,"{"""",DIM}",Weight Loss
IL-DFM-60523-00682,"{"""",DFM,CHOL,CINT,CPED}",Not Available
TX-DFM-75605-01532,"{"""",DFM}",Not Available
NC-CPED-28403-00995,"{"""",CPED,CSPO}",Not Available
MD-DIM-21046-00860,"{""""}",Not Available
NC-DFM-27959-01029,"{"""",DFM}",Not Available
PA-CIM-19004-01285,"{"""",DIM}",Not Available
PA-DFM-17572-01309,"{"""",DFM}",Ear Wax Removal
IL-DFM-60130-00685,"{"""",DFM}",Not Available
NY-CIM-11758-01144,"{"""",CIM}",Not Available
FL-DFM-32605-00543,"{"""",DFM}",Not Available
PA-DIM-19087-01288,"{"""",DIM}",Not Available
IL-DFM-60301-00689,"{"""",DFM}",Not Available
GA-DFM-30306-00605,"{"""",DFM}","Travel Medicine,COVID-19 Testing"
PA-DIM-19004-01287,"{"""",DIM}",Not Available
IL-DFM-60606-00692,"{"""",DFM}",Not Available
MD-DIM-21703-00866,"{"""",DIM,CPST}",Ear Wax Removal
WY-DIM-82435-01815,"{"""",DIM,CPED}",Not Available
PA-DFM-19348-01290,"{"""",DFM,CPED}",Weight Loss
WY-DIM-83001-01817,"{"""",DIM}",Not Available
MD-CIM-21046-00861,"{"""",CIM}",Not Available
PA-DFM-19050-01293,"{"""",DFM}",Ear Wax Removal
IL-DIM-60614-00693,"{"""",DIM}","Weight Loss,LGBTQ Competent / Friendly,COVID-19 testing,Ear Wax Removal"
MD-CIM-20814-00868,"{"""",CIM}","Cosmetic (Botox, Fillers, PRP, etc),Marijuana / Cannabis Clinic,CBD Clinic,Spravato"
FL-DFM-32669-00547,"{"""",DFM,CPED}","Weight Loss,Cosmetic"
WY-CPED-82001-01829,"{"""",CPED,CIM}",Not Available
PA-DFM-19147-01292,"{"""",DFM,DIM}",Not Available
NC-CPED-28403-00996,"{"""",CPED,CSPO}",Not Available
WY-CMED-82070-01827,"{"""",CPED}",Not Available
TX-DFM-75605-01534,"{"""",DFM}",Not Available
ME-DFM-4043-00870,"{"""",DFM,CFUM}",Addiction Medicine
KS-CPED-66210-00794,"{"""",CPED,DFM}",Not Available
WY-CFM-82001-01831,"{"""",CFM,CIM}",Not Available
WY-CFM-82001-01832,"{"""",CFM,CIM}",Not Available
IL-DFM-60048-00702,"{"""",DFM,CPM}",Cosmetic
IL-DFM-60010-00705,"{"""",DFM,CSPO,CINT,CPM}",Not Available
ME-DFM-4102-00872,"{"""",DFM,COP}",Not Available
PA-CIM-19446-01298,"{"""",CIM}",Not Available
FL-DFM-32669-00546,"{"""",DFM,CPED}","Weight Loss,Cosmetic"
FL-DFM-32054-00549,"{"""",DFM,CPM,CSPO}",Ear Wax Removal
IL-DFM-61108-00706,"{"""",DFM}",Not Available
WY-CFM-82001-01833,"{"""",CFM,CIM}",Not Available
TX-CFM-75965-01535,"{"""",CFM}",Not Available
UT-CFM-84037-01591,"{"""",CFM,CURO,CPSL,CD}",Cosmetic
KS-DFM-67646-00746,"{"""",DFM,DIM}",Not Available
NC-DFM-28403-00997,"{"""",DFM}",Not Available
FL-DFM-32256-00552,"{"""",DFM,CSPO}",Not Available
VA-DFM-23185-01629,"{"""",DFM}",Not Available
GA-CC-30342-00607,"{"""",CC}",Not Available
PA-CPED-18901-01301,"{"""",CPED,CFUM}",Not Available
KS-DFM-67801-00748,"{"""",DFM}",Not Available
FL-CFM-33637-00556,"{"""",CFM,CSPO,CFUM}",Not Available
KS-DFM-67206-00754,"{"""",DFM}",Not Available
ME-DIM-4105-00877,"{"""",DIM,CGER}","Nutrition Coaching,COVID-19 testing,Ear Wax Removal"
KS-DFM-67206-00755,"{"""",DFM}",Not Available
TX-CFM-75965-01536,"{"""",CFM}",Not Available
KS-DFM-67206-00756,"{"""",DFM}",Not Available
KS-DFM-67206-00757,"{"""",DFM}",Not Available
FL-CPED-32571-00558,"{"""",CPED}",Not Available
PA-DFM-18901-01300,"{"""",DFM,CFUM}",Not Available
KS-DFM-67206-00758,"{"""",DFM}",Not Available
KS-DFM-67218-00759,"{"""",DFM}",Not Available
NC-DFM-28315-00999,"{"""",DFM}",Not Available
GA-CHEON-30030-00586,"{"""",CHEON,CINT}",Not Available
KS-DFM-67218-00760,"{"""",DFM}",Not Available
KS-DFM-67218-00761,"{"""",DFM}",Not Available
TX-CFM-75965-01537,"{"""",CFM}",Not Available
FL-DFM-32566-00560,"{"""",DFM}",Not Available
KS-DFM-67218-00762,"{"""",DFM}",Not Available
KS-CFM-66062-00799,"{"""",DFM}",Not Available
GA-CFM-30041-00612,"{"""",CFM,CINT,CHOL}",Not Available
NC-DFM-27330-01000,"{"""",DFM}",Not Available
KS-DFM-67002-00763,"{"""",DFM}",Not Available
HI-DFM-96743-00620,"{"""",DFM,CINT}",Not Available
TX-DFM-77611-01539,"{"""",DFM}",Not Available
KS-DFM-67042-00764,"{"""",DFM}",Not Available
FL-CFM-33458-00562,"{"""",CFM,CINT}",Weight Loss
KS-DFM-66502-00767,"{"""",DFM}",Not Available
KS-DFM-66502-00768,"{"""",DFM}",Not Available
GA-CFM-31904-00565,"{"""",CFM}",Not Available
KS-DFM-66436-00769,"{"""",DFM}",Not Available
KS-DFM-66436-00770,"{"""",DFM,DIM}",Not Available
KS-DFM-66604-00774,"{"""",DFM,DIM}",Not Available
PA-DFM-17601-01308,"{"""",DFM}",Ear Wax Removal
MI-DIM-48334-00896,"{"""",DIM}",Cosmetic
KS-DFM-66049-00780,"{"""",DFM}",Not Available
KS-DFM-66203-00786,"{"""",DFM}",Not Available
TX-COR-76708-01476,"{"""",COR}",Not Available
AZ-DFM-85298-00155,"{"""",DFM,COBG,CD,CPM,CINT,CAY}",Not Available
PA-DFM-17202-01311,"{"""",DFM,CFUM}",Not Available
AZ-CNAT-85209-00153,"{"""",CNAT,CPED,COBG,CSPO}",Acupuncture
TN-DFM-37174-01378,"{"""",DFM}",Not Available
MT-DFM-59901-00981,"{"""",DFM}",Not Available
GA-COBG-31411-00570,"{"""",COBG}",Not Available
NC-CFM-27513-01004,"{"""",CFM,CINT,CFUM}",Not Available
GA-DFM-31410-00571,"{"""",DFM,CSPO,CPM}",Ear Wax Removal
KS-DFM-66212-00787,"{"""",DFM}",Not Available
MT-DFM-59808-00984,"{"""",DFM,DIM}",Not Available
MT-DFM-59808-00985,"{"""",DFM,DIM}",Not Available
GA-DFM-30458-00576,"{"""",DFM}",Not Available
AZ-DFM-85658-00156,"{"""",DFM,CAL,CRHE,CURO,CPSL,CGAS}",Not Available
KS-DFM-66212-00788,"{"""",DFM}",Not Available
PA-DIM-16602-01313,"{"""",DIM}",Not Available
KS-CIM-66211-00790,"{"""",DIM}",Not Available
CO-CFM-81505-00300,"{"""",CFM,CRAD}","Weight Loss,Nutrition Coaching"
KS-CEM-66211-00791,"{"""",CEM,DFM}",Not Available
GA-DFM-30907-00579,"{"""",DFM,CSPO,CPM}","Weight Loss,Ear Wax Removal"
KS-CFM-66211-00792,"{"""",DFM}",Not Available
TX-DIM-79601-01423,"{"""",DIM}",Not Available
PA-DFM-15101-01321,"{"""",DFM,CINT}",Not Available
NY-CIM-10028-01140,"{"""",CIM}",Not Available
KS-CFM-66030-00797,"{"""",CEM,DFM}",Not Available
KS-CFM-66062-00798,"{"""",DFM}",Not Available
MT-DFM-59718-00986,"{"""",DFM}",Not Available
TX-CGAS-77388-01547,"{"""",CGAS}",Not Available
FL-DFM-34288-00483,"{"""",DFM}",Not Available
AZ-CFM-85715-00159,"{"""",CFM}",Travel Medicine
GA-DFM-30701-00616,"{"""",DFM}",Not Available
MT-DFM-59102-00988,"{"""",DFM,DIM}",Not Available
PA-CFM-19067-01327,"{"""",CFM,CPM,CD}",Nutrition Coaching
AZ-DFM-85716-00161,"{"""",DFM}",Not Available
MT-DFM-59102-00989,"{"""",DFM}",Not Available
MN-DFM-55402-00935,"{"""",DFM}",Not Available
TX-CFM-77339-01548,"{"""",CFM}",Not Available
MI-DIM-48116-00897,"{"""",DIM}",Not Available
SC-DFM-29301-01336,"{"""",DFM}",Not Available
MN-DFM-56303-00940,"{"""",DFM}",Travel Medicine
GA-DFM-30030-00584,"{"""",DFM,CFUM,CGER,CINT}",Acupuncture
KY-DFM-41101-00806,"{"""",DFM}",Not Available
TX-DFM-77346-01550,"{"""",DFM}",Not Available
GA-DIM-30060-00590,"{"""",DIM}",Not Available
SC-DFM-29910-01331,"{"""",DFM}",Not Available
GA-DIM-30342-00589,"{"""",DIM}",Not Available
TX-DIM-77070-01553,"{"""",DIM}",Not Available
MO-DFM-63122-00941,"{"""",DFM}",Not Available
DE-DFM-19958-00458,"{"""",DFM}",Ear Wax Removal
NY-CIM-10075-01158,"{"""",CIM,CEND}",Not Available
DE-DFM-19709-00459,"{"""",DFM,DIM}",Weight Loss
SC-DFM-29401-01335,"{"""",DFM}",Not Available
KY-DFM-40505-00808,"{"""",DFM,CGER}",Not Available
DE-DFM-19709-00461,"{"""",DFM}",Not Available
TX-DIM-77433-01554,"{"""",DIM}",Not Available
IN-DFM-46307-00715,"{"""",DFM}",Not Available
UT-DFM-84770-01619,"{"""",DFM}",Not Available
KY-DFM-40505-00809,"{"""",DFM}",Not Available
NC-DFM-27601-01007,"{"""",DFM}",Not Available
KY-DFM-40353-00810,"{"""",DFM}",Not Available
DE-DIM-19810-00463,"{"""",DIM,CHOL,CINT}",Not Available
MS-DFM-39110-00976,"{"""",DFM}",Not Available
GA-DFM-30117-00596,"{"""",DFM}",Weight Loss
ID-CFM-83616-00629,"{"""",CFM}",Not Available
KY-DFM-40361-00811,"{"""",DFM}",Not Available
GA-DFM-30117-00598,"{"""",DFM}",Weight Loss
NC-DIM-27601-01008,"{"""",DIM}",Not Available
MS-DFM-39216-00978,"{"""",DFM}",Not Available
NC-DIM-27615-01012,"{"""",DIM}",Not Available
TX-DFM-77494-01555,"{"""",DFM}",Not Available
AK-DFM-99709-00029,"{"""",DFM}",Not Available
GA-DIM-30004-00601,"{"""",DIM}","Weight Loss,Nutrition Coaching"
NY-CEM-10577-01131,"{"""",CEM,CPM,CGER,CD}","COVID-19 Testing,Cosmetic"
SC-DIM-29410-01343,"{"""",DIM}",Not Available
TX-DIM-77450-01556,"{"""",DIM}",Not Available
OH-DFM-43214-01176,"{"""",DFM}",Nutrition Coaching
SC-DFM-29301-01340,"{"""",DFM}",Not Available
TX-DFM-77450-01557,"{"""",DFM}",Not Available
AK-COBG-99701-00030,"{"""",COBG,CPM}",Not Available
TX-DFM-77008-01558,"{"""",DFM}",Not Available
AZ-COR-85253-00165,"{"""",COR,CGEN}","Weight Loss,Nutrition Coaching"
GA-DIM-30004-00602,"{"""",DIM}","Weight Loss,Nutrition Coaching"
AZ-CFM-85253-00167,"{"""",CFM,CIM,CGEN}","Weight Loss,Nutrition Coaching"
SC-DIM-29588-01345,"{"""",DIM,CGER}","Weight Loss,Travel Medicine"
AZ-DFM-86301-00168,"{"""",DFM}",Not Available
OH-DFM-43235-01178,"{"""",DFM,DIM,CINT}",Nutrition Coaching
GA-CFM-30309-00604,"{"""",CFM,CPM}",Not Available
KY-DFM-40205-00815,"{"""",DFM}",Not Available
GA-DFM-30701-00617,"{"""",DFM,CC}",Not Available
AK-DFM-99701-00031,"{"""",DFM,DIM}",Not Available
MI-DFM-48116-00898,"{"""",DFM}",Not Available
TX-DFM-76308-01425,"{"""",DFM}",Not Available
TX-CPED-77007-01559,"{"""",CPED}",Not Available
AK-CFM-99508-00032,"{"""",CFM,CIM,CGER,COBG,CPED}",Not Available
WV-DFM-25801-01808,"{"""",DFM}",Not Available
IL-DFM-61820-00663,"{"""",DFM,DIM}","Weight Loss,Nutrition Coaching"
AZ-DFM-85206-00169,"{"""",CFM,CD,CPM}",Not Available
WV-DFM-26003-01810,"{"""",DFM}",Not Available
IN-DIM-46202-00721,"{"""",DIM,CPED,COBG}","Weight Loss,Ear Wax Removal"
TX-DFM-77477-01560,"{"""",DFM}",Not Available
GA-DIM-30024-00611,"{"""",DIM}",Not Available
SC-DFM-29212-01347,"{"""",DFM}",Weight Loss
WV-DFM-26003-01812,"{"""",DFM}",Not Available
TX-DFM-77478-01561,"{"""",DFM}",Not Available
GA-DFM-30701-00614,"{"""",DFM}",Not Available
NC-DFM-27609-01010,"{"""",DFM}",Not Available
KY-DIM-40241-00818,"{""""}",Not Available
SC-DFM-29621-01351,"{"""",DFM}",Nutrition Coaching
UT-DFM-84604-01608,"{"""",DFM,CRAD}",Not Available
WV-DFM-26003-01813,"{"""",DFM}",Not Available
SC-DFM-29605-01354,"{"""",DFM}",Not Available
GA-DIM-30040-00613,"{"""",DIM}",Not Available
RI-DFM-2818-01329,"{"""",DFM}",Not Available
GA-DFM-30701-00615,"{"""",DFM}",Not Available
KY-DIM-40014-00819,"{"""",DIM}",Not Available
TX-CFM-75071-01426,"{"""",CFM}",Not Available
TX-DIM-78723-01562,"{"""",DIM}",Not Available
RI-DFM-2818-01330,"{"""",DFM,CSPO,CPED}",Not Available
MI-DFM-48439-00901,"{"""",DFM,DIM}",Not Available
KY-DIM-40014-00820,"{"""",DIM}",Addiction Medicine
ID-DFM-83843-00645,"{"""",DFM}",Not Available
DC-DFM-20017-00456,"{"""",DFM}",Weight Loss
TX-DFM-77581-01564,"{"""",DFM}",Not Available
NC-DFM-27609-01011,"{"""",DFM}",Not Available
DC-CPED-20020-00457,"{"""",CPED}","Nutrition Coaching,LGBTQ Competent / Friendly,Homeopathy Medicine,COVID-19 testing,Ear Wax Removal,Parent coaching, lactation support"
TX-DFM-75119-01471,"{"""",DFM}",Not Available
VT-DFM-5443-01691,"{"""",DFM,CINT}",Not Available
CO-CFM-81505-00304,"{"""",CFM,DIM,CRAD}","Weight Loss,Nutrition Coaching"
SC-DFM-29732-01359,"{"""",DFM}",Not Available
IA-DFM-50321-00624,"{"""",DFM,CINT,CSPO,CPM}",Nutrition Coaching
HI-DFM-96720-00619,"{"""",DFM,CHOL}",Cosmetic
HI-DFM-96791-00621,"{"""",DFM}",Not Available
TX-DIM-77479-01565,"{"""",DIM}",Not Available
KY-DFM-42437-00821,"{"""",DFM}",Ear Wax Removal
WY-DFM-82435-01814,"{"""",DFM}",Not Available
AZ-DFM-85704-00171,"{"""",DFM,CD,CPM,CINT}","Cosmetic,Weight Loss"
ND-DFM-58011-01041,"{"""",DFM}",Not Available
KY-DIM-41075-00823,"{"""",DIM}",Not Available
IA-DFM-51239-00627,"{"""",DFM}",Not Available
TX-CFM-75071-01427,"{"""",CFM}",Not Available
SC-CIM-29926-01361,"{"""",CIM}",Not Available
LA-DIM-70001-00824,"{"""",DIM,CPED}",Not Available
ID-CFM-83616-00631,"{"""",CFM,CIM}",Not Available
TX-CFM-77479-01566,"{"""",CFM}",Not Available
TX-CIM-77479-01567,"{"""",CIM}",Not Available
NC-DIM-27617-01013,"{"""",DIM}",Not Available
LA-DFM-70001-00825,"{"""",DFM}",Not Available
TN-DFM-37421-01363,"{"""",DFM}",Nutrition Coaching
TX-CFM-77479-01568,"{"""",CFM}",Not Available
NY-CIM-10128-01155,"{"""",CIM,CGAS}",Not Available
OH-DFM-45431-01185,"{"""",DFM}",Ear Wax Removal
TX-CFM-77479-01569,"{"""",CIM,CFM}",Not Available
ID-DFM-83646-00634,"{"""",DFM,DIM}",Not Available
NY-CIM-10016-01129,"{"""",CIM}",Not Available
TN-DFM-37402-01366,"{"""",DFM}",Not Available
TN-DFM-37174-01376,"{"""",DFM}",Not Available
LA-DIM-70808-00827,"{"""",DIM}",Not Available
ID-DFM-83646-00633,"{"""",DFM,DIM}",Not Available
OH-DFM-43219-01175,"{"""",DFM,DIM,CPM}","Weight Loss,Travel Medicine"
NY-CIM-11042-01132,"{"""",CIM}",Not Available
ID-DFM-83642-00637,"{"""",DFM}",Not Available
TX-CFM-77479-01570,"{"""",CIM,CFM}",Not Available
NC-DIM-27510-01014,"{"""",DIM,CPED}",Not Available
LA-DFM-70817-00828,"{"""",DFM}",Not Available
ID-DFM-83642-00636,"{""""}",Not Available
NC-DIM-27707-01015,"{"""",DIM,CINT,CFUM}",Not Available
MO-DFM-63122-00942,"{"""",DFM}",Not Available
TX-CFM-78504-01587,"{"""",CFM}",Not Available
ID-DFM-83702-00641,"{"""",DFM}",Not Available
LA-DFM-70503-00830,"{"""",DFM,CEM}",Not Available
WA-CFM-98011-01751,"{"""",CFM}","Suboxone / Vivitrol Clinic,Detox Services,Addiction Medicine"
TN-DIM-37415-01369,"{"""",DIM,DFM,CPED}",Not Available
TX-CEND-75082-01571,"{"""",CIM,CEND}",Not Available
AZ-CFM-85260-00175,"{"""",CFM}",Not Available
ID-DFM-83340-00644,"{"""",DFM,CFUM}",Acupuncture
FL-CGER-33020-00557,"{"""",CGER}","Cosmetic (Botox, Fillers, PRP, etc),Ear Wax Removal"
ID-DFM-83864-00652,"{"""",DFM}",Not Available
LA-DFM-70601-00832,"{"""",DFM}",Not Available
TN-DIM-37411-01371,"{"""",DIM,DFM,CPED}",Not Available
NY-DFM-10013-01114,"{"""",DFM,CGAS}",Not Available
ID-DFM-83854-00647,"{"""",DFM}",Not Available
NC-DFM-28601-01017,"{"""",DFM}",Not Available
TN-DFM-37311-01374,"{"""",DFM}",Not Available
TX-CIM-77493-01572,"{"""",CIM}",Not Available
ID-DFM-83864-00651,"{"""",DFM}",Not Available
AK-CPED-99599-0002,"{"""","""",CPED}",Not available
TX-DFM-75070-01429,"{"""",DFM}",Not Available
AZ-CFM-85260-00177,"{"""",CFM,CD,CPM}",Not Available
TX-DFM-78633-01484,"{"""",DFM}",Not Available
NC-DFM-28601-01018,"{"""",DFM}",Not Available
ID-DFM-83404-00658,"{"""",DFM,DIM}",Not Available
ID-DFM-83404-00656,"{"""",DFM}",Not Available
LA-DFM-71111-00836,"{"""",DFM}",Not Available
AZ-CFM-85260-00178,"{"""",CFM,CIM,CPED}",Not Available
TN-DFM-37174-01377,"{"""",DFM}",Not Available
ID-DFM-83404-00661,"{"""",DFM,DIM}",Not Available
FL-DFM-33710-00489,"{"""",DFM,CSPO}",Not Available
OH-DFM-43026-01179,"{"""",DFM}","Weight Loss,Nutrition Coaching,LGBTQ Competent / Friendly,Ear Wax Removal"
MA-CFM-2116-00837,"{"""",CFM}",Not Available
NC-DFM-28694-01019,"{"""",DFM}",Not Available
IL-DFM-61752-00664,"{"""",DFM}",Not Available
AZ-CFM-85718-00180,"{"""",CFM,CINT,CSPO,CFUM}",Weight Loss
TN-CPED-37215-01386,"{"""",CPED}",Not Available
IL-DIM-62656-00667,"{"""",CIM,DIM}",Not Available
TN-DFM-38305-01395,"{"""",DFM}",Not Available
TX-CIM-77493-01577,"{"""",CIM}",Not Available
TN-DFM-37087-01388,"{"""",DFM}",Weight Loss
NC-DFM-28694-01020,"{"""",DFM}",Not Available
TN-DFM-37087-01389,"{"""",DFM}",Weight Loss
ID-DFM-83835-00648,"{"""",DFM}",Not Available
IL-DFM-62526-00666,"{"""",DFM,CPED}",Not Available
TN-DFM-37075-01391,"{"""",DFM}",Cosmetic
OH-DFM-45206-01201,"{"""",DFM,CINT}",Weight Loss
CT-CIM-6831-00434,"{"""",CIM,CPM,CC}",Not Available
IL-DFM-61554-00669,"{"""",DFM}","Cosmetic,Weight Loss,Ear Wax Removal"
TX-CIM-78705-01496,"{"""",CIM}",Not Available
TN-DFM-37066-01393,"{"""",DFM,CSPO}",Weight Loss
TX-CIM-77493-01579,"{"""",CIM}",Not Available
IL-DFM-60447-00672,"{"""",DFM,CPM}","Ear Wax Removal,Travel Medicine"
MA-DIM-2038-00841,"{"""",DIM}",Not Available
TN-DFM-37857-01402,"{"""",DFM,CFUM,CINT,CHOL}",Not Available
AZ-CIM-85712-00183,"{""""}",Not Available
CT-CIM-6880-00435,"{"""",CIM,CGER}",Not Available
MA-DFM-2343-00842,"{"""",DFM,CSPO}",Not Available
TN-DIM-37932-01397,"{"""",DIM,CC}",Nutrition Coaching
TX-CFM-76248-01581,"{"""",CFM}",Not Available
IL-DFM-62450-00671,"{"""",DFM,COBG}",Not Available
TN-DFM-37938-01400,"{"""",DFM,CSPO}",Ear Wax Removal
TN-DFM-37857-01401,"{"""",DFM,CFUM,CINT,CHOL}",Not Available
AZ-CFM-85032-00185,"{"""",CFM,CPM}","Weight Loss,Nutrition Coaching"
IL-DFM-60403-00675,"{"""",DFM,DIM,CFUM,CINT}",Weight Loss
ID-DFM-83404-00657,"{"""",DFM,DIM}",Not Available
TX-DFM-75033-01431,"{"""",DFM}",Not Available
TN-DFM-37659-01405,"{"""",DFM}",Not Available
MA-DFM-2343-00843,"{"""",DFM,DIM,CSPO}",Not Available
TX-CFM-75069-01583,"{"""",CFM}",Not Available
MA-DFM-1760-00844,"{"""",DFM,CFUM}",Not Available
OK-DFM-73099-01216,"{"""",DFM}",Not Available
AZ-CFM-85202-00189,"{"""",CFM}",Nutrition Coaching
IL-DFM-60544-00677,"{"""",DFM}",Not Available
IL-DFM-60525-00679,"{"""",DFM,CPM}","Weight Loss,Nutrition Coaching"
MA-DFM-1760-00845,"{"""",DFM,DIM,CFUM}",Not Available
TX-DFM-75056-01433,"{"""",DFM}",Not Available
TX-CFM-75234-01585,"{"""",CFM}",Not Available
NC-DFM-27896-01022,"{"""",DFM}",Not Available
IL-DFM-60523-00681,"{"""",DFM,CHOL,CINT,CPED}",Not Available
MA-DFM-2492-00838,"{"""",DFM,CFUM,CPM}",Not Available
IL-DFM-60301-00687,"{"""",DFM,CPED,CFUM}",Nutrition Coaching
MA-DIM-2171-00846,"{"""",DIM,CPM}",Weight Loss
AZ-CIM-85755-00191,"{"""",CIM,CPM}",Not Available
VA-CIM-23230-01671,"{"""",CIM}",Not Available
IL-DFM-60523-00683,"{"""",DFM,CHOL,CINT,CPED}",Not Available
AZ-CIM-85712-00192,"{"""",CIM}",Not Available
NY-CINT-12170-01128,"{"""",DFM,CINT,CFUM}",Acupuncture
IL-DFM-60301-00686,"{"""",DFM,CPED,CFUM}",Nutrition Coaching
NC-DFM-27896-01023,"{"""",DFM}",Not Available
MA-DIM-2171-00848,"{"""",DIM,DFM,CPM}",Weight Loss
CO-CFM-80549-00315,"{"""",DFM,CRAD}",Not Available
NC-CFM-27834-01025,"{"""",CFM}",Not Available
MA-DFM-2114-00850,"{"""",DFM}",Not Available
TX-DFM-75093-01434,"{"""",DFM}",Not Available
MI-DFM-49684-00906,"{"""",DFM,CFUM}",Not Available
IL-DIM-60606-00691,"{"""",DIM}",Not Available
AR-DIM-72223-00040,"{"""",DIM}",Not Available
UT-DFM-84065-01603,"{"""",DFM,CSPO,CPM,CPED,COBG,CURO,CGAS,CC}",Not Available
IL-CEM-60613-00694,"{"""",CEM}",Not Available
CO-DFM-80525-00317,"{"""",DFM}",Not Available
AZ-CFM-85712-00197,"{"""",CFM}",Not Available
AZ-CFM-85712-00199,"{"""",CFM}",Not Available
IL-DIM-60194-00698,"{"""",DIM}",Not Available
AZ-CFM-85006-00200,"{"""",CFM,CPED}",Cosmetic
OR-DFM-97062-01251,"{"""",DFM,CPSL,CSPO,CRAD}",Weight Loss
MA-DIM-1945-00852,"{"""",DIM,CPM}",Weight Loss
MO-DFM-64850-00972,"{"""",DFM,CPM}",Not Available
NM-CFM-87049-01094,"{"""",DFM}",Not Available
OR-CNAT-97031-01271,"{"""",CNAT,CINT,CFUM,CSPO}","Nutrition Coaching,LGBTQ Competent / Friendly,Homeopathy Medicine,Ear Wax Removal,Pain Clinic"
IL-DFM-60010-00699,"{"""",DFM,CPM}",Nutrition Coaching
IL-DFM-60048-00703,"{"""",DFM,CINT}",Not Available
VA-DFM-23606-01628,"{"""",DFM}","Weight Loss,Nutrition Coaching,Ear Wax Removal"
TX-CFM-75040-01435,"{"""",CFM}",Not Available
KS-DFM-67114-00753,"{"""",DFM}",Not Available
CO-DFM-80525-00321,"{"""",DFM}",Not Available
UT-DFM-84606-01618,"{"""",DFM,DIM,CPM,CEND,CGER,COR,CSPO,CRAD,CINT}",Weight Loss
MA-DFM-1440-00855,"{"""",DFM}",Not Available
ID-DFM-83835-00650,"{"""",DFM,DIM}",Not Available
AZ-CFM-85258-00205,"{"""",CFM,CINT}","Acupuncture,Weight Loss,Nutrition Coaching"
NC-DFM-27892-01027,"{"""",DFM}",Not Available
MD-DFM-21601-00856,"{"""",DFM}",Not Available
AZ-CIM-85260-00144,"{"""",CIM,CEND}","Cosmetic (Botox, Fillers, PRP, etc),Weight Loss,Nutrition Coaching,LGBTQ Competent / Friendly,Addiction Medicine,Detox Services,Suboxone / Vivitrol Clinic,COVID-19 testing,Ear Wax Removal,Hormone Replacement Therapy / IV Nutrition"
OK-DFM-73013-01219,"{"""",DFM}",Not Available
MD-DIM-21401-00857,"{"""",DIM}","Marijuana / Cannabis Clinic,COVID-19 Testing"
WV-DFM-26003-01809,"{"""",DFM}",Not Available
WA-DFM-98607-01752,"{"""",DFM,COBG}",Not Available
NY-CPED-10023-01147,"{"""",CPED}",Not Available
AZ-CIM-86336-00207,"{"""",CIM,CPM}",Not Available
WA-DFM-98257-01694,"{"""",DFM,DIM}","Acupuncture,COVID-19 Testing"
IL-CIM-61101-00708,"{"""",CIM,COBG}",Not Available
AZ-CFM-85718-00209,"{"""",CFM}",Not Available
MD-DFM-21401-00858,"{"""",DFM,DIM}","Marijuana / Cannabis Clinic,COVID-19 Testing"
NY-CIM-11563-01148,"{"""",CIM,CGAS,CPM}",Travel Medicine
AZ-CFM-85258-00210,"{"""",CFM,CSPO}",Not Available
IN-DFM-46601-00711,"{"""",DFM}",Not Available
UT-DFM-84604-01610,"{"""",DFM,CRAD}",Not Available
VA-DFM-22902-01635,"{"""",DFM}",Not Available
OK-DFM-73728-01214,"{"""",DFM,DIM}",Not Available
VA-DIM-20166-01660,"{"""",DIM}",Not Available
MD-DFM-21401-00859,"{"""",DFM,DIM}","Marijuana / Cannabis Clinic,COVID-19 Testing"
MT-DFM-59937-00979,"{"""",DFM}",Not Available
IN-DFM-46383-00714,"{"""",DFM,CSPO}",Weight Loss
AZ-DFM-85712-00213,"{"""",DFM,CFM,CINT}",Not Available
AZ-CRAD-85253-00215,"{"""",CRAD}",Cosmetic
NY-CPED-10023-01146,"{"""",CPED}",Not Available
VA-DFM-22801-01640,"{"""",DFM,CINT}",Not Available
NC-DFM-27892-01028,"{"""",DFM}",Not Available
OH-DIM-45227-01196,"{"""",DIM,DFM,CGER,CIM}","COVID-19 Testing,Cosmetic"
VA-DFM-22903-01639,"{"""",DFM}",Not Available
CT-CIM-6905-00441,"{"""",CIM}",Not Available
NV-DFM-89128-01103,"{"""",DFM}",Not Available
TX-CFM-75032-01458,"{"""",CFM}",Not Available
VA-DFM-22960-01642,"{"""",DFM}",Not Available
AZ-CFM-85258-00217,"{""""}",Not Available
ID-DFM-83404-00659,"{"""",DFM,DIM}",Not Available
CO-DFM-80634-00329,"{"""",DFM,DIM}",Not Available
WA-DFM-98532-01766,"{"""",DFM}",Pain Clinic
TX-CFM-78746-01495,"{"""",CFM}",Not Available
IN-DFM-46373-00716,"{"""",DFM,CFUM,CHOL}",Not Available
IN-CPED-46511-00718,"{"""",CPED,CHOL}",Not Available
AZ-CFM-85298-00222,"{"""",CFM,CIM,CSPO}",Not Available
PA-DIM-17011-01306,"{"""",DIM,CSPO}","Weight Loss,Nutrition Coaching,Marijuana / Cannabis Clinic,LGBTQ Competent / Friendly,COVID-19 testing,Ear Wax Removal,Cardiometabolic testing, body fat composition, indirect calorimetry"
NC-DFM-27909-01030,"{"""",DFM,CINT}",Not Available
OH-DIM-45255-01199,"{"""",DIM,CPM}",Not Available
MD-DFM-21045-00864,"{"""",DFM,DIM}",Ear Wax Removal
TX-DFM-75087-01436,"{"""",DFM}",Not Available
IA-DFM-50701-00622,"{"""",DFM}","Cosmetic (Botox, Fillers, PRP, etc),Ear Wax Removal,all minor office procedures (lesions, warts, toenail removal, joint injections) included in monthly membership"
NY-CIM-10028-01150,"{"""",CIM,CHEON}",Not Available
CA-CFM-92663-00223,"{"""",CFM}",Not Available
IN-DFM-46750-00720,"{"""",DFM,CSPO}","Weight Loss,Ear Wax Removal"
MD-CFM-21093-00865,"{"""",CFM}",Weight Loss
VA-DFM-24060-01649,"{"""",DFM}",Not Available
IN-DIM-46202-00722,"{"""",DIM,CPED}","Weight Loss,Ear Wax Removal"
UT-DFM-84604-01611,"{"""",DFM,CRAD}",Not Available
MD-DIM-20832-00867,"{"""",DIM}",Not Available
CA-CFM-92663-00225,"{"""",CFM}",Not Available
IN-DFM-46260-00728,"{"""",DFM}",Nutrition Coaching
NY-CIM-11042-01133,"{"""",CIM}",Not Available
IN-DFM-46260-00732,"{"""",DFM}",Nutrition Coaching
ME-DIM-3909-00869,"{"""",DIM,CIM,CPM}",Weight Loss
VA-DFM-24073-01651,"{"""",DFM}",Not Available
NC-CFM-28277-01033,"{"""",CFM,CD}",Cosmetic
NC-CIM-28277-01034,"{"""",CIM}",Not Available
ME-DFM-4043-00871,"{"""",DFM,CFUM,DIM}",Addiction Medicine
CA-CHOL-90274-00227,"{"""",CHOL}",Not Available
CA-DFM-96001-00228,"{"""",DFM,CPM,COBG,CSPO,CD}",Not Available
WY-DFM-82513-01818,"{"""",DIM,DFM}",Not Available
VA-DFM-22301-01653,"{"""",DFM}",Ear Wax Removal
IN-DFM-46260-00734,"{"""",DFM}","Weight Loss,Nutrition Coaching"
ME-DFM-4106-00873,"{"""",DFM}",Not Available
CA-DFM-96001-00229,"{"""",DFM,CPM,COBG,CSPO,CD}",Not Available
IN-DFM-46032-00736,"{"""",DFM,DIM}",Ear Wax Removal
IN-DIM-46032-00739,"{"""",DIM,CFM}",Not Available
NY-CIM-10016-01151,"{"""",CIM,CC,CRAD,CPM}",Nutrition Coaching
ME-DFM-4106-00874,"{"""",DFM}",Acupuncture
ME-DFM-4106-00875,"{"""",DFM,CINT}","Ear Wax Removal,Nutrition Coaching,Weight Loss"
CO-DFM-80504-00332,"{"""",DFM}",Not Available
IN-DFM-46060-00741,"{"""",DFM,CHOL}",Not Available
VA-CIM-23235-01686,"{"""",CIM}",Not Available
NC-CIM-27612-01036,"{"""",CIM,CPM}",Not Available
ME-DFM-4102-00876,"{"""",DFM,CINT}",Not Available
CA-CPED-94563-00234,"{"""",CPED,CPSL}",Not Available
NC-CIM-27612-01037,"{"""",CIM,CPM}",Not Available
IN-DFM-46037-00743,"{"""",DFM}",Not Available
VA-CIM-22033-01662,"{"""",CIM}",Not Available
CT-CIM-6877-00446,"{"""",CIM,CPM}",Not Available
ME-DFM-4105-00878,"{"""",DFM,CGER}",Not Available
CO-DFM-80234-00336,"{"""",DFM}",Not Available
CA-CIM-94062-00238,"{"""",CIM,CPM}","Acupuncture,Nutrition Coaching,Travel Medicine"
NC-CIM-27612-01038,"{"""",CIM,CPM}",Not Available
IN-DFM-47006-00745,"{"""",DFM,CINT}",Not Available
VA-CIM-22033-01664,"{"""",CIM}",Not Available
NC-CIM-27612-01039,"{"""",CIM,CPM}",Not Available
ME-DFM-4105-00880,"{"""",DFM}",Not Available
VA-CIM-23235-01687,"{"""",CIM}",Not Available
ME-DIM-4105-00879,"{"""",DIM,DFM}",Not Available
ME-DFM-4444-00888,"{"""",DFM,CINT,CHOL}",Not Available
CA-DFM-95350-00244,"{"""",DFM}",Not Available
TX-CFM-76708-01473,"{"""",CFM}",Not Available
IN-DFM-46143-00723,"{"""",DFM}","Cosmetic (Botox, Fillers, PRP, etc),Weight Loss,Nutrition Coaching,Ear Wax Removal,Pain Clinic"
TX-DFM-76248-01437,"{"""",DFM}",Not Available
VA-CIM-23230-01666,"{"""",CIM,CGER}",Not Available
CA-DFM-95350-00245,"{""""}",Not Available
WA-CIMED-98503-01761,"{"""",CNAT}",Not Available
WA-DFM-98532-01770,"{"""",DFM}",Pain Clinic
CA-DFM-95062-00247,"{"""",DFM,CPED,CGER,COBG,CPSL,CSX}","Weight Loss,Travel Medicine"
MI-DFM-48075-00891,"{"""",DFM,CINT,CPM}",Not Available
WA-DFM-98531-01718,"{"""",DFM}",Not Available
CA-DFM-93301-00250,"{"""",DFM,DIM}",Not Available
MI-DIM-48183-00890,"{"""",DIM,CPM,COBG}",Not Available
UT-DFM-84654-01612,"{"""",DFM,CSPO,CPM,CPAT}",Nutrition Coaching
NE-DFM-68845-01042,"{"""",DFM}",Not Available
FL-CFM-33606-00497,"{"""",CFM,CPM,CSPO}","Weight Loss,Ear Wax Removal"
CA-DFM-91359-00252,"{"""",DFM}",COVID-19 Testing
VA-CFM-23230-01668,"{"""",CFM}",Not Available
MI-DFM-48864-00903,"{"""",DFM}",Not Available
CA-DFM-91359-00257,"{"""",DFM}",COVID-19 Testing
TN-DFM-37403-01365,"{"""",DFM,CSPO}",Not Available
NE-CFM-68434-01044,"{"""",DFM,DIM}",Not Available
VA-CFM-20191-01623,"{"""",CFM}",Not Available
VA-CIM-23230-01673,"{"""",CIM}",Not Available
WY-DFM-82401-01819,"{"""",DIM,DFM}",Not Available
WA-DFM-98370-01697,"{"""",DFM,CNAT}",Ear Wax Removal
CA-DFM-91359-00254,"{"""",DFM}",COVID-19 Testing
CO-DFM-80923-00346,"{"""",DFM,DIM}",Not Available
VA-CIM-23220-01675,"{"""",CIM}",Not Available
NE-CFM-68434-01045,"{"""",DFM,DIM}",Not Available
TX-CFM-75244-01439,"{"""",CFM}",Not Available
VA-CFM-22030-01678,"{"""",CFM,COBG,CD,CPSL,CGER,CPED}",Not Available
CA-DFM-91364-00259,"{"""",DFM,CSPO,CPM,COBG,CPSL,CRAD}",Nutrition Coaching
CT-CIM-6830-00451,"{"""",CINT,CPM}",Not Available
VA-CFM-22030-01680,"{"""",CFM,CPM,CC,CAL,CGAS,COBG,CRHE}",Weight Loss
MI-DFM-48371-00905,"{"""",DFM,DIM}",Not Available
CA-CFM-92845-00262,"{"""",CFM,CSPO,CPM,CPSL}","Weight Loss,Nutrition Coaching"
MO-DFM-64804-00973,"{"""",DFM,CPM}",Not Available
NE-CFM-68434-01046,"{"""",DFM,DIM}",Not Available
TX-CFM-75252-01440,"{"""",CFM}",Not Available
MI-DFM-49525-00910,"{"""",DFM,DIM}","Weight Loss,Ear Wax Removal"
CA-DFM-92648-00264,"{"""",DFM,CSPO,CRAD}","Cosmetic,Weight Loss"
CA-DFM-92612-00267,"{"""",DFM,CPM}","Weight Loss,COVID-19 Testing"
MI-COBG-49525-00912,"{"""",COBG}","Weight Loss,Ear Wax Removal"
CA-DFM-92867-00269,"{"""",DFM,CPM}",Nutrition Coaching
NV-DFM-89128-01101,"{"""",DFM}",Not Available
NE-CFM-68434-01048,"{"""",DFM,DIM}",Not Available
TX-CEM-75252-01441,"{"""",CEM}",Not Available
VA-CIM-22101-01685,"{"""",CIM,CPM}",Not Available
FL-DFM-32095-00550,"{"""",DFM,CSPO}","Weight Loss,Ear Wax Removal"
UT-CEM-84121-01595,"{"""",CEM,CPM,CHOL,CSPO}",Not Available
VA-CIM-20191-01625,"{"""",CIM}",Not Available
MI-DFM-49085-00918,"{"""",DFM,CPED}",Ear Wax Removal
NE-CFM-68434-01049,"{"""",DFM,DIM}",Not Available
CA-DFM-92610-00271,"{"""",DFM,CSPO,CEND,CGAS,CINT,CPSL}",Weight Loss
NM-DFM-87506-01085,"{"""",DFM}",Not Available
WY-DFM-82718-01820,"{"""",DFM}",Not Available
TX-CFM-75230-01442,"{"""",CFM}",Not Available
NM-CEM-87113-01086,"{""""}",Not Available
CA-DFM-92886-00272,"{"""",DFM,CSPO,CD}",Not Available
CO-DFM-80921-00354,"{"""",DFM,DIM}",Not Available
CA-DFM-92270-00274,"{"""",DFM}",COVID-19 Testing
VA-CFM-23113-01689,"{"""",CFM,CPM}",Nutrition Coaching
MI-DFM-49085-00920,"{"""",DFM,CPED}",Ear Wax Removal
CO-DFM-80112-00355,"{"""",DFM}",Not Available
CO-DFM-80104-00364,"{"""",DIM,DFM}","Weight Loss,Nutrition Coaching,COVID-19 testing,Ear Wax Removal"
CA-DFM-91030-00277,"{"""",DFM,CAY,CPM,COBG}",Acupuncture
MI-DFM-49024-00923,"{"""",DFM,CFUM,CINT,CHOL}","Acupuncture,Nutrition Coaching"
CA-CEM-92054-00279,"{"""",CEM,CPM,CSPO,CURO,COBG,CPED}",Not Available
VT-DFM-5602-01692,"{"""",DFM,CFM,CINT,COR}",Weight Loss
NE-CFM-68434-01050,"{"""",DFM,DIM}",Not Available
CO-DFM-80127-00357,"{"""",DFM,DIM}",Not Available
OH-DIM-45227-01197,"{"""",DIM,DFM,CIM,CPED}","COVID-19 Testing,Cosmetic"
MI-DFM-49008-00922,"{"""",DFM,CFUM}",Weight Loss
CA-DFM-92260-00281,"{"""",DFM,CGER}",Not Available
CA-DIM-92131-00283,"{"""",DIM,CSPO,CPM,CD,COBG,CURO,CPSL}","Nutrition Coaching,Weight Loss"
MI-DFM-49068-00926,"{"""",DFM,DIM}",Ear Wax Removal
TX-CHOL-75230-01443,"{"""",CHOL}",Not Available
NE-CFM-68434-01051,"{"""",DFM,DIM}",Not Available
WA-DIM-98112-01705,"{"""",DIM}",Not Available
OH-DFM-45255-01200,"{"""",DFM,CPM}",Not Available
MI-DFM-48108-00929,"{"""",DFM,DIM}",Not Available
WA-DFM-98370-01699,"{"""",DFM}",Ear Wax Removal
NE-CFM-68434-01052,"{"""",DFM,DIM}",Not Available
CA-CFM-92506-00286,"{"""",CFM,CPM,CRHE,CGAS,CC,CSM,CPSL,CAL,CD,CGAS,CURO}","Pain Clinic,Weight Loss"
FL-DFM-33606-00499,"{"""",DFM}",Not Available
WY-DFM-82609-01821,"{"""",DFM,DIM}",Weight Loss
WA-CFM-98122-01707,"{"""",CFM}",Ear Wax Removal
TX-DFM-78705-01497,"{"""",DFM}",Not Available
WA-DFM-98126-01710,"{"""",DFM}",Not Available
CA-DFM-92025-00288,"{"""",DFM,CINT}",Not Available
OK-DFM-73013-01220,"{"""",DFM,DIM}",Not Available
WA-CFM-98112-01709,"{"""",CFM}",Ear Wax Removal
ID-DFM-83404-00660,"{"""",DFM,DIM}",Not Available
MI-DIM-48105-00931,"{"""",DIM}",Not Available
WA-DFM-99019-01732,"{"""",DFM}",Not Available
NE-CFM-68003-01053,"{"""",CFM,COBG}",Not Available
MN-DFM-56442-00932,"{"""",DFM}",Not Available
CO-DFM-80104-00365,"{"""",DIM,DFM}",Not Available
CO-DFM-80104-00368,"{"""",DIM,DFM}",Not Available
WA-DFM-98136-01712,"{"""",DFM,CNAT}","Ear Wax Removal,Acupuncture"
MI-DIM-48105-00930,"{"""",DIM}",Not Available
WA-DFM-98056-01713,"{"""",DFM}",Weight Loss
MO-DFM-65203-00951,"{"""",DFM,CSPO}",Weight Loss
DE-DIM-19709-00460,"{"""",DIM}",Not Available
WA-DFM-98531-01717,"{"""",DFM}",Not Available
MN-DFM-56377-00934,"{"""",DFM,DIM,CPM}",Not Available
DE-DFM-19808-00462,"{"""",DFM}",Ear Wax Removal
CO-DFM-80526-00381,"{"""",DFM,CAL,CINT,CEND,CRAD}","Weight Loss,Nutrition Coaching"
WA-DFM-98802-01720,"{"""",DFM,CHOL,CPM}",Not Available
NE-CFM-68003-01054,"{"""",DFM,DIM}",Not Available
CO-DFM-80528-00383,"{"""",DFM,DIM,CAL,CINT,CEND,CRAD}","Weight Loss,Nutrition Coaching"
MO-DFM-65203-00952,"{"""",DFM,DIM}",Weight Loss
FL-DFM -33176-00464,"{""""}",Not Available
WA-DIM-98112-01704,"{"""",DIM}",COVID-19 Testing
CO-DFM-80526-00385,"{"""",DFM,CAL,CINT,CEND,CRAD}","Weight Loss,Nutrition Coaching"
OK-DFM-73703-01210,"{"""",DFM,DIM}",Ear Wax Removal
MN-DFM-55435-00937,"{"""",DFM,CSPO}",Weight Loss
CO-DFM-80528-00388,"{"""",DFM,DIM,CAL,CINT,CEND,CRAD}","Weight Loss,Nutrition Coaching"
WA-DFM-98926-01722,"{"""",DFM}",Ear Wax Removal
IN-DFM-46143-00724,"{"""",DFM}",Weight Loss
NE-CFM-68003-01055,"{"""",DFM,DIM}",Not Available
WA-DFM-98672-01725,"{"""",DFM}",Not Available
WA-DFM-98346-01737,"{"""",DFM,DIM}",Ear Wax Removal
AL-DFM-35976-00009,"{"""",DFM}",Nutrition Coaching
TX-CFM-75230-01444,"{"""",CFM}",Not Available
FL-DFM -33317-00466,"{"""",CHOL}","Weight Loss,Nutrition Coaching,Ear Wax Removal"
VA-DIM-22101-01658,"{"""",CRHE}","Nutrition Coaching,Marijuana / Cannabis Clinic,CBD Clinic,Traditional Chinese Medicine"
WA-DFM-98908-01727,"{"""",DFM}",Not Available
OR-DIM-97401-01273,"{"""",DIM,CINT,CPAL}",Nutrition Coaching
MN-DIM-55104-00936,"{"""",DIM}",Not Available
FL-DIM-33064-00467,"{"""",DIM,CPM}",Marijuana / Cannabis Clinic
NE-CFM-68003-01056,"{"""",DFM,DIM}",Not Available
FL-DFM -33065-00468,"{"""",CPM}",Not Available
OH-DFM-45431-01182,"{"""",DFM}","Weight Loss,Nutrition Coaching"
NM-DFM-87109-01087,"{"""",DFM,DIM}","Cosmetic,Weight Loss"
CO-CFM-80921-00395,"{"""",CFM}",Not Available
CO-CPST-80921-00398,"{"""",CPST}",Not Available
IL-DFM-61864-00662,"{"""",DFM}",Not Available
CA-DIM-93003-00251,"{"""",DIM,CINT,CPAL}","Weight Loss,Nutrition Coaching,LGBTQ Competent / Friendly,Lifestyle Med, Osteopathy (OMT), Palliative & Geriatric Med"
TX-DFM-76244-01445,"{"""",DFM}",Not Available
CO-CFM-80222-00401,"{"""",CFM}",Not Available
MO-CEM-63131-00944,"{"""",CEM}",Nutrition Coaching
TX-CPED-76034-01446,"{"""",CPED}",Not Available
CO-CIM-80220-00403,"{"""",CIM,CPM,CC}",Not Available
WA-DFM-98110-01736,"{"""",DFM}",Not Available
WA-DFM-98310-01739,"{"""",DFM,DIM}","Weight Loss,Travel Medicine"
NV-CFM-89052-01108,"{"""",CFM}",Not Available
WA-DFM-98506-01776,"{"""",DFM}",Not Available
IN-DFM-46260-00731,"{"""",DFM}",Nutrition Coaching
OK-DIM-73501-01209,"{"""",DFM}",Not Available
FL-CIM-34134-00473,"{"""",CIM,CGER}","Nutrition Coaching,Travel Medicine"
CO-CIM-80124-00406,"{"""",CIM,CPED,CPM}",Not Available
OK-DFM-73703-01211,"{"""",DFM,DIM}",Ear Wax Removal
WA-DFM-98368-01786,"{"""",DFM,CNAT,CINT,CPAI,CPM}",Pain Clinic
CO-CFM-80104-00408,"{"""",CFM}",Not Available
MO-DFM-65203-00950,"{""""}",Weight Loss
WA-DFM-98310-01741,"{"""",DFM}","Weight Loss,Travel Medicine"
MO-DFM-63376-00946,"{"""",DFM}",Not Available
TX-DFM-76051-01447,"{"""",DFM}",Not Available
NE-DFM-68106-01060,"{"""",DFM}",Not Available
KS-DFM-67356-00765,"{"""",DFM,DIM}",Not Available
TX-CFM-78250-01509,"{"""",CFM}",Not Available
MO-CPED-65203-00949,"{"""",CPED}",Weight Loss
WA-DIM-98104-01743,"{"""",DIM}",Not Available
FL-DFM-34292-00484,"{"""",DFM}",Not Available
CO-CIM-80111-00413,"{"""",CIM}",Not Available
WA-DFM-98926-01746,"{"""",DFM,DIM}",Ear Wax Removal
NE-DFM-68510-01061,"{"""",DFM}",Not Available
FL-CFM -34134-00475,"{"""",CGER}","Nutrition Coaching,Travel Medicine"
MO-DFM-65041-00947,"{"""",DFM}",Not Available
WA-DFM-98607-01755,"{"""",DFM,DIM}",Not Available
MO-DFM-65203-00948,"{""""}",Weight Loss
MO-DFM-65109-00954,"{"""",DFM}",Not Available
TX-DFM-75062-01448,"{"""",DFM}",Not Available
WA-DFM-98908-01748,"{"""",DFM}",Not Available
NE-DFM-68510-01062,"{"""",DFM,DIM}",Not Available
CO-CIM-80231-00418,"{"""",CIM,CINT,CHEON,CPM}",Not Available
OH-DFM-45202-01204,"{"""",DFM,CINT,CPM}",Nutrition Coaching
NE-DIM-68154-01063,"{"""",DIM}",Not Available
TX-DFM-76012-01461,"{"""",DFM}",Not Available
WA-CNAT-98290-01750,"{"""",CNAT}",Not Available
WA-DFM-98607-01757,"{"""",DFM,DIM}",Not Available
CO-DFM-80303-00420,"{"""",DFM,DIM}",Not Available
MO-DFM-63703-00956,"{"""",DFM,CSPO}",Ear Wax Removal
CO-CINT-80209-00422,"{"""",CINT,CFUM,CFM,CPM,CD,CHOL}",Not Available
CO-CIM-80220-00424,"{"""",CIM,CPM}",Not Available
WA-DFM-98607-01754,"{"""",DFM,DIM}",Not Available
NH-DFM-3458-01064,"{"""",DFM}",Not Available
TX-DFM-76051-01449,"{"""",DFM}",Not Available
MO-DIM-63703-00957,"{"""",DIM,CSPO}",Ear Wax Removal
CO-DFM-80924-00371,"{"""",DFM}","Weight Loss,Nutrition Coaching,Ear Wax Removal,lactation consultant"
FL-DIM-34677-00492,"{"""",DIM,CPED}",Marijuana / Cannabis Clinic
NH-DFM-3458-01065,"{"""",DFM}",Not Available
FL-CFM-33549-00500,"{"""",CFM}",Weight Loss
WA-CNAT-98801-01760,"{"""",CNAT,CFM,CGEN,CPM}","Weight Loss,Pain Clinic"
KS-DFM-66614-00773,"{"""",DFM,DIM}",Not Available
MO-DFM-63703-00960,"{"""",DFM,DIM,CSPO}",Ear Wax Removal
NJ-DIM-7724-01073,"{"""",DIM,CPED}",Not Available
TX-CFM-75235-01450,"{"""",CFM}",Not Available
WA-CNAT-98801-01759,"{"""",CNAT,CFM,CGEN,CPM}","Weight Loss,Pain Clinic"
MO-DFM-63703-00963,"{"""",DFM,DIM,CSPO}",Ear Wax Removal
NH-DFM-3862-01066,"{"""",DFM,COBG}",Ear Wax Removal
TX-DFM-76109-01462,"{"""",DFM}",Not Available
MO-DFM-63703-00962,"{"""",DFM,DIM,CSPO}",Ear Wax Removal
WA-DIM-98005-01763,"{"""",DIM}",Not Available
NC-CFM-28173-00990,"{"""",CFM}",Not Available
WA-DIM-98005-01765,"{"""",DIM,CGER}",Not Available
FL-DFM-33326-00506,"{"""",DFM}","Acupuncture,Ear Wax Removal"
MO-DFM-65804-00966,"{"""",DFM,DIM}",Not Available
NH-DFM-3301-01067,"{"""",DFM}",Not Available
FL-DFM-33414-00508,"{"""",DFM,CPM,CPED}",Weight Loss
KS-DFM-66512-00776,"{"""",DFM,DIM}",Cosmetic
WY-CFM-82070-01824,"{"""",CFM,CIM}",Not Available
WA-DFM-98663-01775,"{"""",DFM}",Not Available
NH-DFM-3784-01068,"{"""",DFM,CPM}",Not Available
KS-DFM-66512-00777,"{"""",DFM}",Cosmetic
FL-DFM-33409-00511,"{"""",DFM}",Not Available
KS-CPED-66103-00784,"{"""",CPED,DFM}",Not Available
WA-CPED-98065-01774,"{"""",CPED}",COVID-19 Testing
NC-DFM-28401-00993,"{"""",DFM,CPED}",Nutrition Coaching
FL-DFM-34996-00516,"{"""",DFM}",Nutrition Coaching
WA-CIM-98004-01778,"{"""",CIM,CSPO}",Not Available
NH-DFM-3755-01069,"{"""",DFM}",Not Available
TX-CFM-75225-01451,"{"""",CFM}",Not Available
WA-CIM-98004-01780,"{"""",CIM,CPM}",Weight Loss
TX-DIM-76132-01464,"{"""",DIM}",Not Available
MO-DFM-64850-00971,"{"""",DFM,CPM}",Not Available
FL-DFM-32958-00521,"{"""",DFM}","Weight Loss,Nutrition Coaching,Ear Wax Removal"
KS-DFM-66203-00785,"{"""",DFM}",Not Available
NJ-DFM-7724-01074,"{""""}",Not Available
NY-DFM-10002-01112,"{""""}",Not Available
FL-COBG-32801-00526,"{"""",COBG,CINT}",Not Available
IN-DFM-46278-00727,"{"""",DFM,CINT,CSPO}",Weight Loss
NY-CIM-10028-01145,"{"""",CIM,CC}",Not Available
WI-CAN-53066-01788,"{"""",CAN}",Weight Loss
WA-CINT-98133-01784,"{"""",CINT,CNAT,CFUM,CPM,CGEN,CGAS,CEND,CPAI,CD}",Weight Loss
GA-DFM-30117-00595,"{"""",DFM}",Weight Loss
FL-DFM-32765-00529,"{"""",DFM}",Not Available
GA-DFM-31545-00568,"{"""",DFM,CPM}",Not Available
NY-CIM-10075-01153,"{"""",CIM,CGER}",Not Available
NC-DIM-28403-00994,"{"""",DIM}",Not Available
WI-DIM-54501-01791,"{"""",DIM}",Not Available
NV-CFM-89014-01109,"{"""",CFM,CINT,CNEU}",Pain Clinic
FL-DFM-32765-00531,"{"""",DFM}",Not Available
NJ-DFM-8054-01071,"{"""",DFM,CGER,CHOL,CINT}",Not Available
WV-DFM-26003-01811,"{"""",DFM}",Not Available
FL-DIM-34471-00536,"{"""",DIM}",Ear Wax Removal
OK-DFM-73134-01221,"{"""",DFM}",Not Available
FL-DFM-34950-00519,"{"""",DFM}","Weight Loss,Nutrition Coaching,Marijuana / Cannabis Clinic,CBD Clinic,Ear Wax Removal,Additional services available based on individual patient needs"
OK-DFM-73134-01222,"{"""",DFM,DIM}",Not Available
NJ-DFM-7052-01082,"{"""",DFM,CEM}",Not Available
FL-DFM-32605-00542,"{"""",DFM}",Not Available
KS-DFM-66212-00789,"{"""",DFM}",Not Available
FL-DFM-32605-00544,"{"""",DFM}",Not Available
TX-CPED-79119-01421,"{"""",CPED}",Not Available
NY-DFM-13820-01121,"{"""",DFM}",Not Available
NJ-DFM-7450-01083,"{"""",DFM,CINT,CFUM}","Acupuncture,Weight Loss"
FL-DFM-32605-00545,"{"""",DFM}",Not Available
WI-DFM-53719-01799,"{"""",DFM,COBG}",Not Available
NJ-CFM-7604-01084,"{"""",CFM,CGEN}",Not Available
NY-CIM-11042-01134,"{"""",CIM}",Not Available
WI-DFM-54701-01802,"{"""",DFM,COBG}","Weight Loss,Ear Wax Removal"
NM-DFM-87111-01089,"{"""",DFM,DIM}",Not Available
FL-DFM-32669-00548,"{"""",DFM,CPED}","Weight Loss,Cosmetic"
KS-CEM-66210-00793,"{"""",CEM,DFM}",Not Available
WY-CFM-82070-01825,"{"""",CFM,CIM}",Not Available
NY-CFM-11782-01110,"{"""",CFM,CHOL}",Not Available
NY-CIM-10128-01152,"{"""",CIM,CC,CRAD}",Not Available
NM-DFM-87112-01091,"{"""",DFM,DIM}",Not Available
VA-DFM-22301-01654,"{"""",DFM}",Ear Wax Removal
WI-DFM-54701-01801,"{"""",DFM,COBG}","Weight Loss,Ear Wax Removal"
WI-DFM-54701-01804,"{"""",DFM,DIM}","Weight Loss,Ear Wax Removal"
WI-DFM-54701-01805,"{"""",DFM,DIM}","Weight Loss,Ear Wax Removal"
TX-DFM-76002-01466,"{"""",DFM}",Not Available
NM-DFM-87107-01090,"{"""",DFM,DIM}",Not Available
KS-CFM-66210-00795,"{"""",DFM,DIM}",Not Available
WY-CFM-82070-01826,"{"""",CFM,CIM}",Not Available
KS-CIM-66209-00796,"{"""",CPED,DIM}",Not Available
FL-DFM-32004-00554,"{"""",DFM}",Ear Wax Removal
NM-DFM-87110-01093,"{"""",DFM,DIM}",Not Available
KY-DFM-40223-00813,"{"""",DFM}",Weight Loss
TX-CIM-75214-01457,"{"""",CIM}",Not Available
WI-DFM-54701-01807,"{"""",DFM}","Weight Loss,Ear Wax Removal"
FL-CFM-33606-00563,"{"""",CFM,CPM,CSPO}","Weight Loss,Ear Wax Removal"
GA-CFM-31904-00564,"{"""",CFM}",Not Available
NC-CFM-27615-01005,"{"""",CFM,CINT,CFUM}",Not Available
GA-DFM-30224-00577,"{"""",DFM}","Cosmetic,Weight Loss"
OK-DFM-73013-01218,"{"""",DFM}",Not Available
NC-CFM-27615-01006,"{"""",CFM,CINT,CFUM}",Not Available
GA-DFM-30030-00585,"{"""",DFM,CINT}",Not Available
GA-DFM-30144-00591,"{"""",DFM}","LGBTQ Competent / Friendly,COVID-19 testing,Mental Health Therapists on Staff"
GA-DFM-31322-00593,"{"""",DFM}",Not Available
GA-DFM-30117-00594,"{"""",DFM}",Weight Loss
NY-DFM-14482-01124,"{"""",DFM,DIM}",Not Available
GA-DIM-30677-00603,"{"""",DIM}",Not Available
KY-DFM-40217-00814,"{"""",DFM}","Acupuncture,Ear Wax Removal"
TX-DFM-76712-01478,"{"""",DFM}",Not Available
KY-DIM-40241-00816,"{"""",DIM}",Not Available
KY-DIM-40241-00817,"{""""}",Not Available
GA-DFM-30331-00618,"{"""",DFM}",Not Available
KY-DFM-41042-00822,"{"""",DFM}",Addiction Medicine
IA-DFM-50701-00623,"{"""",DFM}","Cosmetic (Botox, Fillers, PRP, etc),Ear Wax Removal,all minor office procedures (lesions, warts, toenail removal, joint injections) included in monthly membership"
IA-CFM-50266-00626,"{"""",CFM,CPM,CSPO}",Ear Wax Removal
ID-DFM-83646-00632,"{"""",DFM}",Not Available
ID-DFM-83642-00638,"{"""",DFM,DIM}",Not Available
ID-DFM-83642-00640,"{"""",DFM}",Not Available
ID-DFM-83702-00642,"{"""",DFM,DIM}",Not Available
LA-DIM-70809-00829,"{"""",DIM}",Not Available
MA-DFM-2048-00839,"{""""}",Not Available
IL-DFM-62711-00668,"{"""",DFM,DIM}",Cosmetic
IL-DFM-61614-00670,"{"""",DFM}",Not Available
NC-DFM-27896-01021,"{"""",DFM}",Not Available
IL-DFM-60403-00676,"{"""",DFM,DIM,CFUM,CINT}",Weight Loss
MA-DIM-2171-00847,"{"""",DIM,CPM}",Weight Loss
IL-DFM-60521-00680,"{"""",DFM}",Not Available
WY-DFM-82435-01816,"{"""",DFM}",Not Available
IL-DFM-60301-00688,"{"""",DFM}",Not Available
MI-DIM-49525-00907,"{"""",DIM}","Weight Loss,Ear Wax Removal"
IL-CPED-60618-00697,"{"""",CPED,DFM,DIM}",Not Available
IL-DFM-60015-00700,"{"""",DFM}",Not Available
MA-DFM-1945-00851,"{"""",DFM,CPM}",Weight Loss
MA-DFM-1970-00853,"{"""",DFM,COBG}",Weight Loss
IL-DFM-60010-00704,"{"""",DFM,CFUM}",Not Available
IL-DFM-61107-00707,"{"""",DFM}",Not Available
IN-DFM-46563-00717,"{"""",DFM}",Not Available
TX-DFM-77459-01563,"{"""",DFM}",Not Available
IN-DIM-46260-00729,"{"""",DIM}",Nutrition Coaching
IN-DFM-46032-00735,"{"""",DFM}","Weight Loss,Nutrition Coaching"
TX-COBG-77024-01584,"{"""",CFM,COBG}",Not Available
IN-DFM-46032-00737,"{"""",DFM,CFM}",Not Available
IN-DFM-46032-00738,"{"""",DFM,CFM}",Not Available
IN-DFM-46032-00740,"{"""",DFM,DIM,CFM,CIM}",Not Available
IN-DFM-46060-00742,"{"""",DFM,CFUM}","Weight Loss,Nutrition Coaching,CBD Clinic,Addiction Medicine,Travel Medicine,Detox Services,COVID-19 testing,Ear Wax Removal,Treatment of Chronic Inflammatory Response Syndrome from all causes including Lyme and Water-Damaged Buildings"
MI-DFM-48183-00889,"{"""",DFM,CPM,COBG}",Not Available
MI-DFM-48381-00899,"{"""",DFM}","Cosmetic (Botox, Fillers, PRP, etc),Weight Loss,Nutrition Coaching,COVID-19 testing,Ear Wax Removal,IV Hydration therapy"
ME-DFM-4009-00887,"{"""",DFM}",Ear Wax Removal
MI-CEM-48439-00900,"{"""",CEM,DFM}",Not Available
TX-CFM-77802-01525,"{"""",CFM}",Not Available
OK-COR-73072-01232,"{"""",DFM}",Not Available
TX-DFM-76051-01438,"{"""",DFM}",Not Available
MI-DFM-48439-00902,"{"""",DFM,DIM}",Not Available
NE-CFM-68434-01043,"{"""",DFM,DIM}",Not Available
MI-DFM-49525-00911,"{"""",DFM,DIM}","Weight Loss,Ear Wax Removal"
NE-CFM-68434-01047,"{"""",DFM,DIM}",Not Available
MI-DFM-49068-00925,"{"""",DFM}",Ear Wax Removal
MI-CIM-48108-00928,"{"""",CIM}",Not Available
MN-DFM-56377-00933,"{"""",DFM,CPM}",Not Available
MN-DFM-56303-00939,"{"""",DFM}",Travel Medicine
TX-DIM-76712-01480,"{"""",DIM}",Not Available
WY-DFM-82072-01822,"{"""",DFM}",Not Available
NE-DFM-68114-01057,"{"""",DFM}",Not Available
NE-DFM-68114-01058,"{"""",DFM}",Not Available
MO-DFM-65065-00955,"{"""",DFM}","Ear Wax Removal,Acupuncture"
WY-CFM-82070-01823,"{"""",CFM,CIM}",Not Available
NE-DFM-68106-01059,"{"""",DFM}",Not Available
MO-DIM-63703-00959,"{"""",DIM,CSPO}",Ear Wax Removal
MO-DFM-63703-00961,"{"""",DFM,DIM,CSPO}",Ear Wax Removal
NJ-CPED-7746-01072,"{"""",CPED}",Not Available
MO-DFM-65804-00965,"{"""",DFM}",Not Available
TX-DFM-76504-01481,"{"""",DFM}",Not Available
MO-DFM-65714-00968,"{"""",DFM}",Not Available
MO-DFM-65712-00970,"{"""",DFM}",Not Available
MO-DFM-65625-00974,"{"""",DFM}",Not Available
NH-DFM-3755-01070,"{"""",DFM}",Not Available
NM-DFM-87111-01088,"{"""",DFM,DIM}",Not Available
NM-DFM-87110-01092,"{"""",FM}",Not Available
TX-CIM-75214-01456,"{"""",CIM}",Not Available
NV-DFM-89521-01099,"{"""",DFM}",Not Available
NY-CIM-10022-01163,"{"""",CIM,CFUM,CPM,CINT}","Weight Loss,Nutrition Coaching"
NV-DFM-89128-01102,"{"""",DFM}",Not Available
NV-DFM-89052-01106,"{"""",DFM}",Not Available
WY-CFM-82070-01828,"{"""",CFM,CIM}",Not Available
NY-DFM-12566-01118,"{"""",DFM,CGER,CPED,COBG}",Ear Wax Removal
NY-DFM-13825-01120,"{"""",DFM}",Not Available
WY-CFM-82001-01834,"{"""",CFM,CIM}",Not Available
NY-CPED-14092-01126,"{"""",DFM,CPED}",Not Available
NY-CIM-11042-01136,"{"""",CIM}",Not Available
TX-COR-76708-01472,"{"""",COR}",Not Available
NY-DIM-10013-01113,"{"""",DIM,CGAS}",Not Available
NY-CIM-11234-01149,"{"""",CIM,CC}",Not Available
NY-CPED-10023-01164,"{"""",CPED}",Not Available
OH-DFM-44313-01172,"{"""",DFM,CHOL,CFUM}","Weight Loss,Nutrition Coaching,Ear Wax Removal"
TX-COR-76708-01475,"{"""",COR}",Not Available
NY-CIM-10028-01162,"{"""",CIM,CGAS}",Not Available
NY-CIM-10028-01165,"{"""",CIM,CC}",Not Available
NY-CIM-10016-01167,"{"""",CIM,CC}",Not Available
OH-DFM-43001-01173,"{"""",DFM,CPED}",Not Available
TX-DFM-78633-01485,"{"""",DFM}",Not Available
NY-CIM-10016-01170,"{"""",CIM,CGAS}",Not Available
OH-DFM-43311-01180,"{"""",DFM,CPM}",Weight Loss
TX-DFM-78613-01489,"{"""",DFM}",Not Available
OH-DFM-45431-01183,"{"""",DFM}","Weight Loss,Nutrition Coaching"
OH-DIM-45690-01191,"{"""",DIM,COBG}",Not Available
OH-DIM-45227-01193,"{"""",DIM,CIM}","COVID-19 Testing,Cosmetic"
OH-DIM-45227-01195,"{"""",DIM,CPM,CGER,CIM}","COVID-19 Testing,Cosmetic"
OH-DFM-45206-01202,"{"""",DFM,CINT}",Weight Loss
OH-CIM-43606-01206,"{"""",CIM,CC}",Not Available
OK-COR-73072-01228,"{"""",DFM}",Not Available
OK-DFM-74133-01207,"{"""",DFM}",Not Available
OK-DFM-73160-01223,"{"""",DFM}",Not Available
OK-CFM-73013-01225,"{"""",DFM}",Not Available
OK-CFM-73072-01227,"{"""",DFM,CPAL}",Not Available
OK-CFM-73072-01229,"{"""",DFM,CPAL}",Not Available
OK-CFM-73072-01230,"{"""",DFM}",Not Available
OK-CFM-73072-01234,"{"""",DFM}",Not Available
TX-CEM-78209-01516,"{"""",CEM}",Not Available
OK-DIM-74136-01236,"{"""",DFM}",Not Available
OR-DIM-97210-01245,"{"""",DIM,CPM}",Not Available
OK-CFM-74137-01240,"{"""",DFM,CPAL}",Not Available
OK-CIM-74133-01243,"{"""",DIM}",Not Available
OR-DFM-97210-01247,"{"""",DFM,CPM}",Not Available
OR-DFM-97381-01250,"{"""",DFM,CSPO,CRAD,CPSL}",Weight Loss
OR-DFM-97229-01262,"{"""",DFM,CPM,CINT}","Cosmetic (Botox, Fillers, PRP, etc),Weight Loss,Nutrition Coaching,LGBTQ Competent / Friendly,COVID-19 testing,Cariac Stress Testing. Skin lesion biopsy/cryotherapy, skin tags, foot care, trigger point injections, IV therapy, wound closure, burn care, EKG, Diabetes Management, exercise prescription, preventive cardiology."
OR-DFM-97302-01253,"{"""",DFM}",Not Available
TX-DFM-78550-01521,"{"""",DFM}",Not Available
OR-DIM-97408-01255,"{"""",DIM,CPM}",Not Available
OR-DFM-97526-01260,"{"""",DFM}",Not Available
OR-DFM-97031-01272,"{"""",DFM,CSPO}","COVID-19 Testing,Ear Wax Removal"
OR-CFM-97220-01268,"{"""",CFM,CPSL,CEND}",LGBTQ Competent / Friendly
TX-DFM-76504-01482,"{"""",DFM}",Not Available
OR-CNAT-97504-01276,"{"""",CNAT,CSPO,CGER,CPED,CURO,COBG,CC,CHEON,CINT}","Nutrition Coaching,Acupuncture,Detox Services,Homeopathy Medicine,Pain Clinic"
OR-CPSL-97220-01279,"{"""",CFM,CPSL,CEND}",LGBTQ Competent / Friendly
OR-CPSL-97220-01280,"{"""",CFM,CPSL,CEND}",LGBTQ Competent / Friendly
OR-CPSL-97220-01281,"{"""",CFM,CPSL,CEND}",LGBTQ Competent / Friendly
PA-CFM-18974-01284,"{"""",CFM}",Not Available
PA-DFM-19380-01286,"{"""",DFM}",Not Available
PA-DFM-19040-01297,"{"""",DFM}",Ear Wax Removal
PA-DFM-18901-01299,"{"""",DFM,CINT,CFUM}",Not Available
PA-CPED-18901-01302,"{"""",CPED}",Not Available
NY-CIM-11229-01166,"{"""",CIM}",Not Available
PA-CFM-18977-01303,"{"""",CFM,CSPO}",Not Available
PA-DFM-17214-01312,"{"""",DFM}",Not Available
TX-DFM-77024-01541,"{"""",DFM}",Not Available
PA-DIM-15001-01324,"{"""",DIM}",Not Available
SC-DFM-29607-01342,"{"""",DFM}",Not Available
PA-DIM-15668-01314,"{"""",DIM}",Not Available
PA-CIM-15102-01319,"{""""}",Not Available
PA-DFM-15206-01320,"{"""",DFM,CINT}",Not Available
PA-DFM-15101-01322,"{"""",DFM,CINT}",Not Available
RI-DFM-2818-01328,"{"""",DFM,CHOL}",Not Available
PA-DFM-16508-01325,"{"""",DFM}",Not Available
PA-DFM-16508-01326,"{"""",DFM}",Not Available
SC-DFM-29407-01332,"{"""",DFM,COR}",Not Available
TX-DFM-77069-01551,"{"""",DFM}",Not Available
TN-DFM-37067-01384,"{"""",DFM,CPM}",None
TX-CIM-77493-01578,"{"""",CIM}",Not Available
SC-DIM-29651-01355,"{"""",DIM}",Cosmetic
SC-DFM-29301-01339,"{"""",DFM}",Not Available
SC-DFM-29301-01341,"{"""",DFM}",Not Available
UT-DFM-84003-01607,"{"""",DFM,CRHE,CGAS,CPED,COBG,CD,CC,CEND}",Not Available
SC-DFM-29410-01344,"{"""",DFM}",Not Available
SC-DFM-29072-01346,"{"""",DFM}",Not Available
SC-DFM-29223-01348,"{"""",DFM,CSPO}",Not Available
SC-DFM-29621-01350,"{"""",DFM}",Nutrition Coaching
SC-DFM-29651-01356,"{"""",DFM}",Cosmetic
TN-DIM-37421-01362,"{"""",DIM}",Nutrition Coaching
SC-DFM-29715-01360,"{"""",DFM,CPED,CPM}",Not Available
TN-DFM-37415-01368,"{"""",DFM,DIM,CPED}",Not Available
TN-DIM-37076-01387,"{"""",DIM}",Not Available
TN-DFM-37411-01372,"{"""",DFM,DIM,CPED}",Not Available
TN-DFM-37174-01375,"{"""",DFM,CPED,CGAS,CEM,COBG,CRAD}",Travel Medicine
TN-DFM-37064-01380,"{"""",DFM}",Travel Medicine
TN-DFM-37064-01382,"{"""",DFM}",Travel Medicine
TN-DFM-37130-01385,"{"""",DFM}",Ear Wax Removal
TN-DFM-37075-01392,"{"""",DFM}",Cosmetic
TN-DFM-37061-01394,"{"""",DFM}",Not Available
TN-DFM-38119-01396,"{"""",DFM,CSPO,CSX}",Not Available
TN-DFM-37830-01399,"{"""",DFM,CFUM}",Not Available
TN-CHOL-29464-01410,"{"""",CHOL,CFUM,CEM,CINT}",Not Available
UT-DFM-84065-01600,"{"""",DFM,CSPO,CPM,CPED,COBG,CURO,CGAS,CC}",Not Available
UT-DFM-84065-01602,"{"""",DFM,CSPO,CPM,CPED,COBG,CURO,CGAS,CC}",Not Available
UT-DFM-84065-01605,"{"""",DFM,CSPO,CPM,CPED,COBG,CURO,CGAS,CC}",Not Available
UT-DFM-84654-01613,"{"""",DFM,DIM,CSPO,CPM,CPAT}",Nutrition Coaching
UT-DFM-84606-01617,"{"""",DFM,DIM,CPM,CEND,CGER,COR,CSPO,CRAD,CINT}",Weight Loss
UT-CFM-84070-01620,"{"""",CFM}",Not Available
VA-DFM-23224-01631,"{"""",DFM}",Not Available
VA-DFM-22902-01634,"{"""",DFM}",Not Available
VA-DFM-22968-01641,"{"""",DFM}",Not Available
TX-CFM-77478-01586,"{"""",CFM}",Not Available
VA-CPST-24018-01648,"{""""}",Addiction Medicine
VA-DFM-24060-01650,"{"""",DFM}",Not Available
VA-CFM-22314-01652,"{"""",CFM}",Not Available
VA-DIM-20166-01659,"{"""",DIM}",Not Available
VA-CIM-22033-01663,"{"""",CIM,CPM}",Not Available
VA-CIM-22033-01665,"{"""",CIM,CPM,CGER}",Not Available
VA-CIM-23060-01669,"{"""",CIM}",Not Available
WA-DFM-98020-01700,"{"""",DFM}","Weight Loss,Nutrition Coaching,Ear Wax Removal"
VA-CFM-23230-01672,"{"""",CFM}",Not Available
VA-CIM-23220-01674,"{"""",CIM}",Not Available
VA-CIM-22151-01684,"{""""}",Not Available
VA-CIM-22151-01682,"{"""",CIM,CC}",Not Available
VA-CFM-23113-01688,"{"""",CFM,CPM,CSPO}",Nutrition Coaching
WA-DFM-98087-01696,"{"""",DFM}",Not Available
WA-DFM-98370-01698,"{"""",DFM,CNAT}",Ear Wax Removal
WA-DIM-98105-01701,"{"""",DIM}",Not Available
WA-CFM-98122-01708,"{"""",CFM}",Ear Wax Removal
WA-DFM-98531-01716,"{"""",DFM}",Not Available
WA-DFM-98802-01721,"{"""",DFM,CHOL,CPM}",Not Available
WA-DFM-98650-01724,"{"""",DFM}",Not Available
WA-DFM-99218-01728,"{"""",DFM}",Not Available
WI-DFM-53050-01794,"{"""",DFM}",Not Available
WA-DFM-98604-01733,"{"""",DFM,DIM}","COVID-19 Testing,Weight Loss"
WA-DFM-98310-01740,"{"""",DFM,DIM}","Weight Loss,Travel Medicine"
WA-DIM-98104-01742,"{"""",DIM}",Not Available
WA-DIM-98104-01744,"{"""",DIM}",Not Available
WA-DFM-98908-01747,"{"""",DFM}",Not Available
WA-DFM-99218-01749,"{"""",DFM}",Not Available
WI-DFM-54701-01803,"{"""",DFM,DIM}","Weight Loss,Ear Wax Removal"
WA-DFM-98607-01758,"{"""",DFM,DIM}",Not Available
WA-DIM-98005-01764,"{"""",DIM}",Not Available
WA-DFM-98065-01773,"{"""",DFM}",COVID-19 Testing
WA-CIM-98004-01779,"{"""",CIM,CINT}",Weight Loss
WI-CPST-53151-01787,"{"""",CPST,CGER,CINT,CFUM}",Not Available
WA-CNAT-98277-01785,"{"""",CNAT,COBG,CINT}","Nutrition Coaching,Acupuncture,Traditional Chinese Medicine"
WI-CFM-53066-01789,"{"""",CFM}",Weight Loss
WI-DFM-54915-01795,"{"""",DFM,CAN}",Ear Wax Removal
WI-DIM-54501-01796,"{"""",DIM}",Not Available
WI-DFM-54701-01806,"{"""",DFM,DIM}","Weight Loss,Ear Wax Removal"
WI-DFM-53719-01798,"{"""",DFM}",Not Available
WI-DFM-53562-01800,"{"""",DFM,CINT,CPM,CPED,CSPO}",Nutrition Coaching
AR-DIM-72758-00034,"{"""",DIM,CPED}",Not Available
AR-DIM-72758-00035,"{"""",DIM,CPED}",Not Available
AR-DFM-72761-00037,"{"""",DFM}",Not Available
AR-DFM-72761-00038,"{"""",DFM,CEM}",Not Available
AR-DIM-72223-00041,"{"""",DIM}",Not Available
AR-DFM-71923-00045,"{"""",DFM,DIM}",Not Available
AR-CIM-72712-00048,"{"""",CIM}",Not Available
AR-DFM-72211-00050,"{"""",DFM}",Not Available
SC-DFM-29401-01333,"{"""",DFM}",Not Available
TN-DFM-37174-01379,"{"""",DFM}",Not Available
VA-CIM-20191-01624,"{"""",CIM}",Not Available
WA-DFM-98532-01767,"{"""",DFM}",Pain Clinic
AZ-CIM-85712-00198,"{"""",CIM}",Not Available
VA-DFM-22901-01637,"{"""",DFM}",Not Available
MO-DFM-65806-00964,"{"""",DFM}",Travel Medicine
ME-DFM-4856-00884,"{"""",DFM}",Not Available
FL-DFM-32828-00525,"{"""",DFM,CFUM}",Not Available
NY-CIM-10028-01161,"{"""",CIM,CGAS}",Not Available
NY-CIM-11042-01137,"{"""",CIM}",Not Available
AL-CIM-35205-00021,"{"""",CIM}",Not Available
VA-DIM-22205-01656,"{"""",DIM}",Not Available
IL-CPED-60618-00695,"{"""",CPED}",Not Available
NC-CFM-27614-01035,"{"""",CFM,CPM}",Travel Medicine
TX-CPED-75214-01455,"{"""",CPED}",Not Available
TX-DFM-75703-01526,"{"""",DFM}",Not Available
WA-DFM-99203-01731,"{"""",DFM}",Not Available